configuration_accession,modality,lab,submitted_by,award_component,file_set_accession,assay_term,preferred_assay_titles,aliases,raw_seqspec_version,normalized_seqspec_version,stage,reason,message
IGVFFI0055XEHV,,"Gary Hon, UT",Mpathi Nzima,functional characterization,IGVFDS2739QDQI,,Perturb-seq,gary-hon:seqspec_IGVFFI3294VBIM_hto,,,seqspec_version,seqspec_version_error,curl exited with status exit status: 35 while reading 'https://api.data.igvf.org/configuration-files/IGVFFI0055XEHV/@@download/IGVFFI0055XEHV.yaml.gz': curl: (35) Recv failure: Connection reset by peer
IGVFFI0110WYBL,,"Jay Shendure, UW",Beth Martin,functional characterization,IGVFDS6935HPTC,massively parallel reporter assay,MPRA,jay-shendure:seqspec_of_dev_CRE_mEBs_repA_bulk_RNA_day20_reads,,,seqspec_version,malformed_seqspec_yaml,Could not read values.
IGVFFI0212ZPUD,crispr,"Charles Gersbach, Duke",Ian Whaling,functional characterization,IGVFDS0993OMZM,,Perturb-seq,charles-gersbach:IGVFFI8366TCMN_v0.3.0_upgraded,0.3.0,0.4.0,resolve_fastqs,missing_fastq_metadata,Could not resolve FASTQ metadata for expected file '/data/reddylab/Alex/collab/20220523_Sean/data/sc_rna_seq/fastq/gRNA_CRISPRa_D2_S11_L002_R1_001.fastq.gz'.
IGVFFI0226HJUA,,"Jay Shendure, UW",Beth Martin,functional characterization,IGVFDS0953UCYV,massively parallel reporter assay,MPRA,jay-shendure:seqspec_of_dev_CRE_mEBs_rep2B_part1_bulk_RNA_day20_reads,,,seqspec_version,malformed_seqspec_yaml,Could not read values.
IGVFFI0259MQIB,,"Maya Kasowski, Stanford",Shouvik Mani,mapping,IGVFDS2094FEUN,single-nucleus ATAC-seq,10x snATAC-seq with Scale pre-indexing,maya-kasowski:Scale_scATAC_laneS702_well3E_seqspec,,,sequence_files,no_fastq_sequence_files,Configuration file has no linked FASTQ sequence files.
IGVFFI0282ROMN,crispr,"Charles Gersbach, Duke",Ian Whaling,functional characterization,IGVFDS8029DSPH,,Perturb-seq,charles-gersbach:IGVFFI2071NCQF_v0.3.0_upgraded,0.3.0,0.4.0,resolve_fastqs,missing_fastq_metadata,Could not resolve FASTQ metadata for expected file '/data/reddylab/Alex/collab/20220523_Sean/data/sc_rna_seq/fastq/gRNA_CRISPRi_D1_S7_L003_R1_001.fastq.gz'.
IGVFFI0464XYHE,rna,"Ali Mortazavi, UCI",Diane Trout,mapping,IGVFDS2013EJJF,single-nucleus RNA sequencing assay,Parse SPLiT-seq,,0.3.0,0.4.0,enumerate_files,seqspec_file_error,Input source does not exist: https://api.data.igvf.org/configuration-files/IGVFFI0464XYHE/@@download/IGVFFI0464XYHE.yaml.gz
IGVFFI0580VOOX,,"Maya Kasowski, Stanford",Shouvik Mani,mapping,IGVFDS3808LOFN,single-nucleus ATAC-seq,10x snATAC-seq with Scale pre-indexing,maya-kasowski:Scale_scATAC_laneS706_well3E_seqspec,,,sequence_files,no_fastq_sequence_files,Configuration file has no linked FASTQ sequence files.
IGVFFI0632NLGY,,"Maya Kasowski, Stanford",Shouvik Mani,mapping,IGVFDS8070VJML,single-nucleus ATAC-seq,10x snATAC-seq with Scale pre-indexing,maya-kasowski:Scale_scATAC_laneS703_well3H_seqspec,,,sequence_files,no_fastq_sequence_files,Configuration file has no linked FASTQ sequence files.
IGVFFI0711ZNGR,,"Maya Kasowski, Stanford",Shouvik Mani,mapping,IGVFDS3090WWIX,single-nucleus ATAC-seq,10x snATAC-seq with Scale pre-indexing,maya-kasowski:Scale_scATAC_laneS706_well2D_seqspec,,,sequence_files,no_fastq_sequence_files,Configuration file has no linked FASTQ sequence files.
IGVFFI0721PRUY,,"Jay Shendure, UW",Beth Martin,functional characterization,IGVFDS1500XNWW,massively parallel reporter assay,MPRA,jay-shendure:seqspec_of_dev_CRE_mEBs_repA_bulk_RNA_day18_reads,,,seqspec_version,malformed_seqspec_yaml,Could not read values.
IGVFFI0744UOFD,,"Jay Shendure, UW",Beth Martin,functional characterization,IGVFDS2513FWFN,,MPRA,jay-shendure:seqspec_of_dev_CRE_mEBs_repA_bulk_DNA_day2_reads,,,seqspec_version,malformed_seqspec_yaml,Could not read values.
IGVFFI0805GKFP,,"Maya Kasowski, Stanford",Shouvik Mani,mapping,IGVFDS4650RNVG,single-nucleus ATAC-seq,10x snATAC-seq with Scale pre-indexing,maya-kasowski:Scale_scATAC_laneS705_well3D_seqspec,,,sequence_files,no_fastq_sequence_files,Configuration file has no linked FASTQ sequence files.
IGVFFI0829KXQE,,"Jay Shendure, UW",Beth Martin,functional characterization,IGVFDS1683YYFI,,MPRA,jay-shendure:seqspec_of_dev_CRE_mEBs_repA_bulk_DNA_day8_reads,,,seqspec_version,malformed_seqspec_yaml,Could not read values.
IGVFFI0932SZUE,,"Maya Kasowski, Stanford",Shouvik Mani,mapping,IGVFDS4662KYNQ,single-nucleus ATAC-seq,10x snATAC-seq with Scale pre-indexing,maya-kasowski:Scale_scATAC_laneS702_well1B_seqspec,,,sequence_files,no_fastq_sequence_files,Configuration file has no linked FASTQ sequence files.
IGVFFI0974LZEY,,"Jay Shendure, UW",Beth Martin,functional characterization,IGVFDS7581EZJY,massively parallel reporter assay,MPRA,jay-shendure:seqspec_of_dev_CRE_mEBs_rep2B_part1_bulk_RNA_day18_reads,,,seqspec_version,malformed_seqspec_yaml,Could not read values.
IGVFFI1005FOWV,,"Maya Kasowski, Stanford",Shouvik Mani,mapping,IGVFDS3553ZJQF,single-nucleus ATAC-seq,10x snATAC-seq with Scale pre-indexing,maya-kasowski:Scale_scATAC_laneS706_well1C_seqspec,,,sequence_files,no_fastq_sequence_files,Configuration file has no linked FASTQ sequence files.
IGVFFI1017KMXC,crispr,"Charles Gersbach, Duke",Ian Whaling,functional characterization,IGVFDS0993OMZM,,Perturb-seq,charles-gersbach:IGVFFI0118MWHA_v0.3.0_upgraded,0.3.0,0.4.0,resolve_fastqs,missing_fastq_metadata,Could not resolve FASTQ metadata for expected file '/data/reddylab/Alex/collab/20220523_Sean/data/sc_rna_seq/fastq/gRNA_CRISPRa_D2_S11_L003_R2_001.fastq.gz'.
IGVFFI1020QDUF,,"Maya Kasowski, Stanford",Shouvik Mani,mapping,IGVFDS2656XTWC,single-nucleus ATAC-seq,10x snATAC-seq with Scale pre-indexing,maya-kasowski:Scale_scATAC_laneS702_well1H_seqspec,,,sequence_files,no_fastq_sequence_files,Configuration file has no linked FASTQ sequence files.
IGVFFI1023PKKD,,"Maya Kasowski, Stanford",Shouvik Mani,mapping,IGVFDS5419YEKW,single-nucleus ATAC-seq,10x snATAC-seq with Scale pre-indexing,maya-kasowski:Scale_scATAC_laneS704_well2F_seqspec,,,sequence_files,no_fastq_sequence_files,Configuration file has no linked FASTQ sequence files.
IGVFFI1030KTJT,,"Maya Kasowski, Stanford",Shouvik Mani,mapping,IGVFDS0243MHJN,single-nucleus ATAC-seq,10x snATAC-seq with Scale pre-indexing,maya-kasowski:Scale_scATAC_laneS704_well1E_seqspec,,,sequence_files,no_fastq_sequence_files,Configuration file has no linked FASTQ sequence files.
IGVFFI1084WEYX,,"Maya Kasowski, Stanford",Shouvik Mani,mapping,IGVFDS7662XTXQ,single-nucleus ATAC-seq,10x snATAC-seq with Scale pre-indexing,maya-kasowski:Scale_scATAC_laneS701_well3B_seqspec,,,sequence_files,no_fastq_sequence_files,Configuration file has no linked FASTQ sequence files.
IGVFFI1104KWFE,,"Maya Kasowski, Stanford",Shouvik Mani,mapping,IGVFDS6279CXNE,single-nucleus ATAC-seq,10x snATAC-seq with Scale pre-indexing,maya-kasowski:Scale_scATAC_laneS702_well2G_seqspec,,,sequence_files,no_fastq_sequence_files,Configuration file has no linked FASTQ sequence files.
IGVFFI1140RTRD,,"Maya Kasowski, Stanford",Shouvik Mani,mapping,IGVFDS7629CSHA,single-nucleus ATAC-seq,10x snATAC-seq with Scale pre-indexing,maya-kasowski:Scale_scATAC_laneS705_well2C_seqspec,,,sequence_files,no_fastq_sequence_files,Configuration file has no linked FASTQ sequence files.
IGVFFI1163NTEB,,"Ali Mortazavi, UCI",Diane Trout,mapping,IGVFDS3522HGSO,single-nucleus RNA sequencing assay,Parse SPLiT-seq,,0.3.0,0.4.0,enumerate_modalities,seqspec_info_error,curl exited with status exit status: 56 while reading 'https://api.data.igvf.org/configuration-files/IGVFFI1163NTEB/@@download/IGVFFI1163NTEB.yaml.gz': curl: (56) Recv failure: Connection reset by peer
IGVFFI1210FJUE,,"Jay Shendure, UW",Beth Martin,functional characterization,IGVFDS7261GFNR,massively parallel reporter assay,MPRA,jay-shendure:seqspec_of_dev_CRE_mEBs_repB_bulk_RNA_day10_reads,,,seqspec_version,malformed_seqspec_yaml,Could not read values.
IGVFFI1214OQUS,,"Maya Kasowski, Stanford",Shouvik Mani,mapping,IGVFDS4530KJDP,single-nucleus ATAC-seq,10x snATAC-seq with Scale pre-indexing,maya-kasowski:Scale_scATAC_laneS701_well1G_seqspec,,,sequence_files,no_fastq_sequence_files,Configuration file has no linked FASTQ sequence files.
IGVFFI1222RTZK,,"Maya Kasowski, Stanford",Shouvik Mani,mapping,IGVFDS8317FBQH,single-nucleus ATAC-seq,10x snATAC-seq with Scale pre-indexing,maya-kasowski:Scale_scATAC_laneS705_well2A_seqspec,,,sequence_files,no_fastq_sequence_files,Configuration file has no linked FASTQ sequence files.
IGVFFI1236VKWJ,,"Maya Kasowski, Stanford",Shouvik Mani,mapping,IGVFDS8670QYHC,single-nucleus ATAC-seq,10x snATAC-seq with Scale pre-indexing,maya-kasowski:Scale_scATAC_laneS701_well1B_seqspec,,,sequence_files,no_fastq_sequence_files,Configuration file has no linked FASTQ sequence files.
IGVFFI1283YGRA,,"Maya Kasowski, Stanford",Shouvik Mani,mapping,IGVFDS4694HRMW,single-nucleus ATAC-seq,10x snATAC-seq with Scale pre-indexing,maya-kasowski:Scale_scATAC_laneS702_well1F_seqspec,,,sequence_files,no_fastq_sequence_files,Configuration file has no linked FASTQ sequence files.
IGVFFI1295NMTE,,"Maya Kasowski, Stanford",Shouvik Mani,mapping,IGVFDS9180FTLB,single-nucleus ATAC-seq,10x snATAC-seq with Scale pre-indexing,maya-kasowski:Scale_scATAC_laneS706_well3B_seqspec,,,sequence_files,no_fastq_sequence_files,Configuration file has no linked FASTQ sequence files.
IGVFFI1295VRJD,,"Maya Kasowski, Stanford",Shouvik Mani,mapping,IGVFDS6958XKQR,single-nucleus ATAC-seq,10x snATAC-seq with Scale pre-indexing,maya-kasowski:Scale_scATAC_laneS701_well1D_seqspec,,,sequence_files,no_fastq_sequence_files,Configuration file has no linked FASTQ sequence files.
IGVFFI1333FBJB,,"Charles Gersbach, Duke",Ruhi Rai,functional characterization,IGVFDS1645YFQD,,Perturb-seq,charles-gersbach:hPA-Seqspec-perturbseq-10xlane2-CRISPR-L1,,,seqspec_version,malformed_seqspec_yaml,Could not read values.
IGVFFI1421VVAV,,"Maya Kasowski, Stanford",Shouvik Mani,mapping,IGVFDS2196VDLS,single-nucleus ATAC-seq,10x snATAC-seq with Scale pre-indexing,maya-kasowski:Scale_scATAC_laneS705_well2B_seqspec,,,sequence_files,no_fastq_sequence_files,Configuration file has no linked FASTQ sequence files.
IGVFFI1426OVDM,,,,,,,,,,,worker,unhandled_exception,Expecting value: line 1 column 1 (char 0)
IGVFFI1459PJZV,,"Jay Shendure, UW",Beth Martin,functional characterization,IGVFDS8017QBHO,massively parallel reporter assay,MPRA,jay-shendure:seqspec_of_dev_CRE_mEBs_rep2B_part1_bulk_RNA_day16_reads,,,seqspec_version,malformed_seqspec_yaml,Could not read values.
IGVFFI1471UJSK,crispr,"Charles Gersbach, Duke",Ian Whaling,functional characterization,IGVFDS0591VNKJ,,Perturb-seq,charles-gersbach:IGVFFI4640NSBO_v0.3.0_upgraded,0.3.0,0.4.0,resolve_fastqs,missing_fastq_metadata,Could not resolve FASTQ metadata for expected file '/data/reddylab/Alex/collab/20220523_Sean/data/sc_rna_seq/fastq/gRNA_CRISPRi_D3_S9_L001_R2_001.fastq.gz'.
IGVFFI1496JSDK,,"Jay Shendure, UW",Beth Martin,functional characterization,IGVFDS3729YOSL,,MPRA,jay-shendure:seqspec_of_dev_CRE_mEBs_repA_bulk_DNA_day6_reads,,,seqspec_version,malformed_seqspec_yaml,Could not read values.
IGVFFI1500BGEY,,"Jay Shendure, UW",Beth Martin,functional characterization,IGVFDS6740RMZS,,MPRA,jay-shendure:seqspec_of_dev_CRE_mEBs_rep2B_part2_bulk_DNA_day18_reads,,,seqspec_version,malformed_seqspec_yaml,Could not read values.
IGVFFI1697HTAO,,"Jay Shendure, UW",Beth Martin,functional characterization,IGVFDS2290VBBK,massively parallel reporter assay,MPRA,jay-shendure:seqspec_of_dev_CRE_mEBs_repB_bulk_RNA_day2_reads,,,seqspec_version,malformed_seqspec_yaml,Could not read values.
IGVFFI1742ECFU,,"Ali Mortazavi, UCI",Diane Trout,mapping,IGVFDS3954CPHQ,single-nucleus RNA sequencing assay,Parse SPLiT-seq,,,,seqspec_version,seqspec_version_error,curl exited with status exit status: 56 while reading 'https://api.data.igvf.org/configuration-files/IGVFFI1742ECFU/@@download/IGVFFI1742ECFU.yaml.gz': curl: (56) Recv failure: Connection reset by peer
IGVFFI1770CZKN,,"Maya Kasowski, Stanford",Shouvik Mani,mapping,IGVFDS8966FJDC,single-nucleus ATAC-seq,10x snATAC-seq with Scale pre-indexing,maya-kasowski:Scale_scATAC_laneS704_well1C_seqspec,,,sequence_files,no_fastq_sequence_files,Configuration file has no linked FASTQ sequence files.
IGVFFI1895RXKI,,"Jay Shendure, UW",Beth Martin,functional characterization,IGVFDS5335NRCO,massively parallel reporter assay,MPRA,jay-shendure:seqspec_of_dev_CRE_mEBs_rep2B_part2_bulk_RNA_day6_reads,,,seqspec_version,malformed_seqspec_yaml,Could not read values.
IGVFFI1902BOBB,,"Maya Kasowski, Stanford",Shouvik Mani,mapping,IGVFDS2175LMUN,single-nucleus ATAC-seq,10x snATAC-seq with Scale pre-indexing,maya-kasowski:Scale_scATAC_laneS701_well3C_seqspec,,,sequence_files,no_fastq_sequence_files,Configuration file has no linked FASTQ sequence files.
IGVFFI1904EHGA,,"Maya Kasowski, Stanford",Shouvik Mani,mapping,IGVFDS2366POUA,single-nucleus ATAC-seq,10x snATAC-seq with Scale pre-indexing,maya-kasowski:Scale_scATAC_laneS704_well2H_seqspec,,,sequence_files,no_fastq_sequence_files,Configuration file has no linked FASTQ sequence files.
IGVFFI1951KUHO,,"Maya Kasowski, Stanford",Shouvik Mani,mapping,IGVFDS4076VACJ,single-nucleus ATAC-seq,10x snATAC-seq with Scale pre-indexing,maya-kasowski:Scale_scATAC_laneS701_well2B_seqspec,,,sequence_files,no_fastq_sequence_files,Configuration file has no linked FASTQ sequence files.
IGVFFI1952ORFS,,"Maya Kasowski, Stanford",Shouvik Mani,mapping,IGVFDS1057ONAY,single-nucleus ATAC-seq,10x snATAC-seq with Scale pre-indexing,maya-kasowski:Scale_scATAC_laneS702_well3D_seqspec,,,sequence_files,no_fastq_sequence_files,Configuration file has no linked FASTQ sequence files.
IGVFFI1962ENBB,,"Maya Kasowski, Stanford",Shouvik Mani,mapping,IGVFDS4577RXBE,single-nucleus ATAC-seq,10x snATAC-seq with Scale pre-indexing,maya-kasowski:Scale_scATAC_laneS704_well3B_seqspec,,,sequence_files,no_fastq_sequence_files,Configuration file has no linked FASTQ sequence files.
IGVFFI2009OMMO,,"Maya Kasowski, Stanford",Shouvik Mani,mapping,IGVFDS4071LAKQ,single-nucleus ATAC-seq,10x snATAC-seq with Scale pre-indexing,maya-kasowski:Scale_scATAC_laneS703_well1A_seqspec,,,sequence_files,no_fastq_sequence_files,Configuration file has no linked FASTQ sequence files.
IGVFFI2071AEQQ,rna,"Jason Buenrostro, Broad",Siddarth Wekhande,mapping,IGVFDS1677SYVP,single-cell RNA sequencing assay,SHARE-seq,buenrostro-bernstein:SS-LS_1552_seqspec_fixed,0.3.0,0.4.0,enumerate_files,seqspec_file_error,curl exited with status exit status: 35 while reading 'https://api.data.igvf.org/configuration-files/IGVFFI2071AEQQ/@@download/IGVFFI2071AEQQ.yaml.gz': curl: (35) Recv failure: Connection reset by peer
IGVFFI2091YTXQ,,"Maya Kasowski, Stanford",Shouvik Mani,mapping,IGVFDS7686FPYT,single-nucleus ATAC-seq,10x snATAC-seq with Scale pre-indexing,maya-kasowski:Scale_scATAC_laneS704_well2B_seqspec,,,sequence_files,no_fastq_sequence_files,Configuration file has no linked FASTQ sequence files.
IGVFFI2114ZVWD,,"Jay Shendure, UW",Beth Martin,functional characterization,IGVFDS9853FXPT,massively parallel reporter assay,MPRA,jay-shendure:seqspec_of_dev_CRE_mEBs_repA_bulk_RNA_day4_reads,,,seqspec_version,malformed_seqspec_yaml,Could not read values.
IGVFFI2118VKEC,,"Maya Kasowski, Stanford",Shouvik Mani,mapping,IGVFDS8866RORL,single-nucleus ATAC-seq,10x snATAC-seq with Scale pre-indexing,maya-kasowski:Scale_scATAC_laneS705_well1H_seqspec,,,sequence_files,no_fastq_sequence_files,Configuration file has no linked FASTQ sequence files.
IGVFFI2120GSTQ,,"Jay Shendure, UW",Beth Martin,functional characterization,IGVFDS6355YALJ,massively parallel reporter assay,MPRA,jay-shendure:seqspec_of_dev_CRE_mEBs_repB_bulk_RNA_day4_reads,,,seqspec_version,malformed_seqspec_yaml,Could not read values.
IGVFFI2123ETGQ,,"Maya Kasowski, Stanford",Shouvik Mani,mapping,IGVFDS6709DBRD,single-nucleus ATAC-seq,10x snATAC-seq with Scale pre-indexing,maya-kasowski:Scale_scATAC_laneS703_well1F_seqspec,,,sequence_files,no_fastq_sequence_files,Configuration file has no linked FASTQ sequence files.
IGVFFI2140TPGZ,,"Maya Kasowski, Stanford",Shouvik Mani,mapping,IGVFDS3021XFGL,single-nucleus ATAC-seq,10x snATAC-seq with Scale pre-indexing,maya-kasowski:Scale_scATAC_laneS706_well1E_seqspec,,,sequence_files,no_fastq_sequence_files,Configuration file has no linked FASTQ sequence files.
IGVFFI2187DRZI,,"Maya Kasowski, Stanford",Shouvik Mani,mapping,IGVFDS0478ODXL,single-nucleus ATAC-seq,10x snATAC-seq with Scale pre-indexing,maya-kasowski:Scale_scATAC_laneS704_well3C_seqspec,,,sequence_files,no_fastq_sequence_files,Configuration file has no linked FASTQ sequence files.
IGVFFI2212EHNM,,"Maya Kasowski, Stanford",Shouvik Mani,mapping,IGVFDS2960HUKY,single-nucleus ATAC-seq,10x snATAC-seq with Scale pre-indexing,maya-kasowski:Scale_scATAC_laneS705_well1A_seqspec,,,sequence_files,no_fastq_sequence_files,Configuration file has no linked FASTQ sequence files.
IGVFFI2235COCR,,"Maya Kasowski, Stanford",Shouvik Mani,mapping,IGVFDS0758TNOI,single-nucleus ATAC-seq,10x snATAC-seq with Scale pre-indexing,maya-kasowski:Scale_scATAC_laneS701_well2H_seqspec,,,sequence_files,no_fastq_sequence_files,Configuration file has no linked FASTQ sequence files.
IGVFFI2258FSRU,,"Jay Shendure, UW",Beth Martin,functional characterization,IGVFDS0792FVAK,massively parallel reporter assay,MPRA,jay-shendure:seqspec_of_dev_CRE_mEBs_rep2B_part2_bulk_RNA_day20_reads,,,seqspec_version,malformed_seqspec_yaml,Could not read values.
IGVFFI2259SIES,,"Charles Gersbach, Duke",Ruhi Rai,functional characterization,IGVFDS4521RIQF,in vitro CRISPR screen using single-cell RNA-seq,Perturb-seq,charles-gersbach:hPA-Seqspec-perturbseq-10xlane4-GEX-L1,,,seqspec_version,malformed_seqspec_yaml,Could not read values.
IGVFFI2290AZYK,,"Jay Shendure, UW",Beth Martin,functional characterization,IGVFDS6051XFAQ,massively parallel reporter assay,MPRA,jay-shendure:seqspec_of_dev_CRE_mEBs_repA_bulk_RNA_day12_reads,,,seqspec_version,malformed_seqspec_yaml,Could not read values.
IGVFFI2302GACJ,,"Maya Kasowski, Stanford",Shouvik Mani,mapping,IGVFDS1152PFCO,single-nucleus ATAC-seq,10x snATAC-seq with Scale pre-indexing,maya-kasowski:Scale_scATAC_laneS705_well2E_seqspec,,,sequence_files,no_fastq_sequence_files,Configuration file has no linked FASTQ sequence files.
IGVFFI2324DIUJ,,"Jay Shendure, UW",Beth Martin,functional characterization,IGVFDS0200DGEO,massively parallel reporter assay,MPRA,jay-shendure:seqspec_of_dev_CRE_mEBs_repB_bulk_RNA_day0_reads,,,seqspec_version,malformed_seqspec_yaml,Could not read values.
IGVFFI2396FLZM,,"Maya Kasowski, Stanford",Shouvik Mani,mapping,IGVFDS3771VKHG,single-nucleus ATAC-seq,10x snATAC-seq with Scale pre-indexing,maya-kasowski:Scale_scATAC_laneS706_well3F_seqspec,,,sequence_files,no_fastq_sequence_files,Configuration file has no linked FASTQ sequence files.
IGVFFI2398VFGX,,"Maya Kasowski, Stanford",Shouvik Mani,mapping,IGVFDS4059GHFL,single-nucleus ATAC-seq,10x snATAC-seq with Scale pre-indexing,maya-kasowski:Scale_scATAC_laneS704_well1A_seqspec,,,sequence_files,no_fastq_sequence_files,Configuration file has no linked FASTQ sequence files.
IGVFFI2418ERHU,crispr,"Charles Gersbach, Duke",Ian Whaling,functional characterization,IGVFDS3945FAEL,,Perturb-seq,charles-gersbach:IGVFFI2494UMAV_v0.3.0_upgraded,0.3.0,0.4.0,resolve_fastqs,missing_fastq_metadata,Could not resolve FASTQ metadata for expected file '/data/reddylab/Alex/collab/20220523_Sean/data/sc_rna_seq/fastq/gRNA_CRISPRa_D3_S12_L003_R1_001.fastq.gz'.
IGVFFI2424YSFE,,"Jay Shendure, UW",Beth Martin,functional characterization,IGVFDS9455REXF,massively parallel reporter assay,MPRA,jay-shendure:seqspec_of_dev_CRE_mEBs_repB_bulk_RNA_day20_reads,,,seqspec_version,malformed_seqspec_yaml,Could not read values.
IGVFFI2429KBGN,crispr,"Charles Gersbach, Duke",Ian Whaling,functional characterization,IGVFDS9108NLTS,,Perturb-seq,charles-gersbach:IGVFFI0439ROZG_v0.3.0_upgraded,0.3.0,0.4.0,resolve_fastqs,missing_fastq_metadata,Could not resolve FASTQ metadata for expected file '/data/reddylab/Alex/collab/20220523_Sean/data/sc_rna_seq/fastq/gRNA_CRISPRa_D1_S10_L001_R2_001.fastq.gz'.
IGVFFI2442UPCW,crispr,"Charles Gersbach, Duke",Ian Whaling,functional characterization,IGVFDS2399UCGA,,Perturb-seq,charles-gersbach:IGVFFI0543IRBP_v0.3.0_upgraded,0.3.0,0.4.0,resolve_fastqs,missing_fastq_metadata,Could not resolve FASTQ metadata for expected file '/data/reddylab/Alex/collab/20220523_Sean/data/sc_rna_seq/fastq/gRNA_CRISPRi_D2_S8_L001_R1_001.fastq.gz'.
IGVFFI2445SYNW,,"Maya Kasowski, Stanford",Shouvik Mani,mapping,IGVFDS7110APFU,single-nucleus ATAC-seq,10x snATAC-seq with Scale pre-indexing,maya-kasowski:Scale_scATAC_laneS701_well3F_seqspec,,,sequence_files,no_fastq_sequence_files,Configuration file has no linked FASTQ sequence files.
IGVFFI2450CFEL,,"Jay Shendure, UW",Beth Martin,functional characterization,IGVFDS3480ASIH,,MPRA,jay-shendure:seqspec_of_dev_CRE_mEBs_repB_bulk_DNA_day14_reads,,,seqspec_version,malformed_seqspec_yaml,Could not read values.
IGVFFI2478MGCT,,"Maya Kasowski, Stanford",Shouvik Mani,mapping,IGVFDS0502FDAC,single-nucleus ATAC-seq,10x snATAC-seq with Scale pre-indexing,maya-kasowski:Scale_scATAC_laneS705_well3B_seqspec,,,sequence_files,no_fastq_sequence_files,Configuration file has no linked FASTQ sequence files.
IGVFFI2482JJVC,,"Jay Shendure, UW",Beth Martin,functional characterization,IGVFDS4952VFOW,,MPRA,jay-shendure:seqspec_of_dev_CRE_mEBs_repB_bulk_DNA_day10_reads,,,seqspec_version,malformed_seqspec_yaml,Could not read values.
IGVFFI2498IYBK,,"Maya Kasowski, Stanford",Shouvik Mani,mapping,IGVFDS1187GCXF,single-nucleus ATAC-seq,10x snATAC-seq with Scale pre-indexing,maya-kasowski:Scale_scATAC_laneS705_well1G_seqspec,,,sequence_files,no_fastq_sequence_files,Configuration file has no linked FASTQ sequence files.
IGVFFI2555LYIA,,"Maya Kasowski, Stanford",Shouvik Mani,mapping,IGVFDS2136XBBM,single-nucleus ATAC-seq,10x snATAC-seq with Scale pre-indexing,maya-kasowski:Scale_scATAC_laneS701_well1E_seqspec,,,sequence_files,no_fastq_sequence_files,Configuration file has no linked FASTQ sequence files.
IGVFFI2574ZRKS,,,,,,,,,,,worker,unhandled_exception,Expecting value: line 1 column 1 (char 0)
IGVFFI2592RERK,,"Jay Shendure, UW",Beth Martin,functional characterization,IGVFDS9342OPKS,massively parallel reporter assay,MPRA,jay-shendure:seqspec_of_dev_CRE_mEBs_repB_bulk_RNA_day16_reads,,,seqspec_version,malformed_seqspec_yaml,Could not read values.
IGVFFI2600NHVE,,"Maya Kasowski, Stanford",Shouvik Mani,mapping,IGVFDS1901ZTNW,single-nucleus ATAC-seq,10x snATAC-seq with Scale pre-indexing,maya-kasowski:Scale_scATAC_laneS706_well2F_seqspec,,,sequence_files,no_fastq_sequence_files,Configuration file has no linked FASTQ sequence files.
IGVFFI2628YRKX,,"Maya Kasowski, Stanford",Shouvik Mani,mapping,IGVFDS5593DCWO,single-nucleus ATAC-seq,10x snATAC-seq with Scale pre-indexing,maya-kasowski:Scale_scATAC_laneS702_well2B_seqspec,,,sequence_files,no_fastq_sequence_files,Configuration file has no linked FASTQ sequence files.
IGVFFI2691EYWQ,,"Maya Kasowski, Stanford",Shouvik Mani,mapping,IGVFDS4428PPJQ,single-nucleus ATAC-seq,10x snATAC-seq with Scale pre-indexing,maya-kasowski:Scale_scATAC_laneS705_well2H_seqspec,,,sequence_files,no_fastq_sequence_files,Configuration file has no linked FASTQ sequence files.
IGVFFI2791HITN,crispr,"Charles Gersbach, Duke",Ian Whaling,functional characterization,IGVFDS0591VNKJ,,Perturb-seq,charles-gersbach:IGVFFI8457AABW_v0.3.0_upgraded,0.3.0,0.4.0,resolve_fastqs,missing_fastq_metadata,Could not resolve FASTQ metadata for expected file '/data/reddylab/Alex/collab/20220523_Sean/data/sc_rna_seq/fastq/gRNA_CRISPRi_D3_S9_L002_R1_001.fastq.gz'.
IGVFFI2798MXIX,,"Maya Kasowski, Stanford",Shouvik Mani,mapping,IGVFDS7373LMEP,single-nucleus ATAC-seq,10x snATAC-seq with Scale pre-indexing,maya-kasowski:Scale_scATAC_laneS704_well3H_seqspec,,,sequence_files,no_fastq_sequence_files,Configuration file has no linked FASTQ sequence files.
IGVFFI2813RCVG,,"Jay Shendure, UW",Beth Martin,functional characterization,IGVFDS6212LCHT,,MPRA,jay-shendure:seqspec_of_dev_CRE_mEBs_repB_bulk_DNA_day12_reads,,,seqspec_version,malformed_seqspec_yaml,Could not read values.
IGVFFI2839IPDU,,"Jay Shendure, UW",Beth Martin,functional characterization,IGVFDS9987GJPC,,MPRA,jay-shendure:seqspec_of_dev_CRE_mEBs_repA_bulk_DNA_day4_reads,,,seqspec_version,malformed_seqspec_yaml,Could not read values.
IGVFFI2982KSVM,,,,,,,,,,,worker,unhandled_exception,Expecting value: line 1 column 1 (char 0)
IGVFFI3035AGUB,,"Maya Kasowski, Stanford",Shouvik Mani,mapping,IGVFDS3819RGYL,single-nucleus ATAC-seq,10x snATAC-seq with Scale pre-indexing,maya-kasowski:Scale_scATAC_laneS703_well2B_seqspec,,,sequence_files,no_fastq_sequence_files,Configuration file has no linked FASTQ sequence files.
IGVFFI3054IIXK,,"Maya Kasowski, Stanford",Shouvik Mani,mapping,IGVFDS1759BCUE,single-nucleus ATAC-seq,10x snATAC-seq with Scale pre-indexing,maya-kasowski:Scale_scATAC_laneS702_well1D_seqspec,,,sequence_files,no_fastq_sequence_files,Configuration file has no linked FASTQ sequence files.
IGVFFI3091GPCZ,rna,"Ansuman Satpathy, Stanford",Christopher Mcginnis,mapping,IGVFDS7297BZEA,single-nucleus RNA sequencing assay,10x multiome with MULTI-seq,ansuman-satpathy:seqspec_igvf_exp12_rna_10x5_NGS5,0.3.0,0.4.0,enumerate_files,seqspec_file_error,Input source does not exist: https://api.data.igvf.org/configuration-files/IGVFFI3091GPCZ/@@download/IGVFFI3091GPCZ.yaml.gz
IGVFFI3096OJLP,atac,"Jason Buenrostro, Broad",Siddarth Wekhande,mapping,IGVFDS9908RUIV,single-cell ATAC-seq,SHARE-seq,buenrostro-bernstein:SS-LS_9119_seqspec,0.3.0,0.4.0,enumerate_files,seqspec_file_error,Input source does not exist: https://api.data.igvf.org/configuration-files/IGVFFI3096OJLP/@@download/IGVFFI3096OJLP.yaml.gz
IGVFFI3100MHYG,,"Jason Buenrostro, Broad",Siddarth Wekhande,mapping,IGVFDS8000MJXZ,single-cell RNA sequencing assay,SHARE-seq,buenrostro-bernstein:SS-LS_3975_seqspec,0.3.0,0.4.0,enumerate_modalities,seqspec_info_error,curl exited with status exit status: 35 while reading 'https://api.data.igvf.org/configuration-files/IGVFFI3100MHYG/@@download/IGVFFI3100MHYG.yaml.gz': curl: (35) Recv failure: Connection reset by peer
IGVFFI3102WZNV,,"Jason Buenrostro, Broad",Siddarth Wekhande,mapping,IGVFDS3368OEWN,single-cell ATAC-seq,SHARE-seq,buenrostro-bernstein:SS-LS_7337_seqspec,0.3.0,0.4.0,enumerate_modalities,seqspec_info_error,Input source does not exist: https://api.data.igvf.org/configuration-files/IGVFFI3102WZNV/@@download/IGVFFI3102WZNV.yaml.gz
IGVFFI3104GUKT,,"Ryan Corces, Gladstone Institute UCSF",Ryan Corces,mapping,IGVFDS0168ULCR,single-nucleus RNA sequencing assay,10x multiome,,,,seqspec_version,seqspec_version_error,Input source does not exist: https://api.data.igvf.org/configuration-files/IGVFFI3104GUKT/@@download/IGVFFI3104GUKT.yaml.gz
IGVFFI3105FROG,,"Ryan Corces, Gladstone Institute UCSF",Ryan Corces,mapping,IGVFDS7782SATY,single-nucleus ATAC-seq,10x multiome,,0.3.0,0.4.0,enumerate_modalities,seqspec_info_error,Input source does not exist: https://api.data.igvf.org/configuration-files/IGVFFI3105FROG/@@download/IGVFFI3105FROG.yaml.gz
IGVFFI3105GAIN,,"Ansuman Satpathy, Stanford",Christopher Mcginnis,functional characterization,IGVFDS2170OFES,single-nucleus RNA sequencing assay,10x multiome with MULTI-seq,ansuman-satpathy:seqspec_igvf_exp17_rna_10x3_NGS4,0.3.0,0.4.0,enumerate_modalities,seqspec_info_error,curl exited with status exit status: 35 while reading 'https://api.data.igvf.org/configuration-files/IGVFFI3105GAIN/@@download/IGVFFI3105GAIN.yaml.gz': curl: (35) Recv failure: Connection reset by peer
IGVFFI3105NWFB,,"Jason Buenrostro, Broad",Siddarth Wekhande,mapping,IGVFDS2676HFQT,single-cell ATAC-seq,SHARE-seq,buenrostro-bernstein:SS-LS_9017_seqspec,,,seqspec_version,seqspec_version_error,Input source does not exist: https://api.data.igvf.org/configuration-files/IGVFFI3105NWFB/@@download/IGVFFI3105NWFB.yaml.gz
IGVFFI3105WHXP,,"Jason Buenrostro, Broad",Siddarth Wekhande,mapping,IGVFDS9261WYKR,single-cell ATAC-seq,SHARE-seq,buenrostro-bernstein:SS-LS_4343_seqspec,0.3.0,0.4.0,enumerate_modalities,seqspec_info_error,curl exited with status exit status: 35 while reading 'https://api.data.igvf.org/configuration-files/IGVFFI3105WHXP/@@download/IGVFFI3105WHXP.yaml.gz': curl: (35) Recv failure: Connection reset by peer
IGVFFI3107CPXS,,"Jason Buenrostro, Broad",Siddarth Wekhande,mapping,IGVFDS1569MDXC,single-cell ATAC-seq,SHARE-seq,buenrostro-bernstein:SS-LS_5320_seqspec,,,seqspec_version,seqspec_version_error,Input source does not exist: https://api.data.igvf.org/configuration-files/IGVFFI3107CPXS/@@download/IGVFFI3107CPXS.yaml.gz
IGVFFI3107TGIO,,"Ali Mortazavi, UCI",Diane Trout,mapping,IGVFDS1619JIAZ,single-nucleus RNA sequencing assay,Parse SPLiT-seq,,,,seqspec_version,seqspec_version_error,Input source does not exist: https://api.data.igvf.org/configuration-files/IGVFFI3107TGIO/@@download/IGVFFI3107TGIO.yaml.gz
IGVFFI3109ZIHR,,"Ali Mortazavi, UCI",Diane Trout,mapping,IGVFDS9490BYGZ,single-nucleus RNA sequencing assay,Parse SPLiT-seq,,,,seqspec_version,seqspec_version_error,Input source does not exist: https://api.data.igvf.org/configuration-files/IGVFFI3109ZIHR/@@download/IGVFFI3109ZIHR.yaml.gz
IGVFFI3112KFAR,,"Ryan Corces, Gladstone Institute UCSF",Ryan Corces,mapping,IGVFDS0028AWOA,single-nucleus ATAC-seq,10x multiome,,,,seqspec_version,seqspec_version_error,Input source does not exist: https://api.data.igvf.org/configuration-files/IGVFFI3112KFAR/@@download/IGVFFI3112KFAR.yaml.gz
IGVFFI3113BANQ,atac,"Ryan Corces, Gladstone Institute UCSF",Ryan Corces,mapping,IGVFDS3423DTHY,single-nucleus ATAC-seq,10x multiome,,0.3.0,0.4.0,enumerate_files,seqspec_file_error,curl exited with status exit status: 35 while reading 'https://api.data.igvf.org/configuration-files/IGVFFI3113BANQ/@@download/IGVFFI3113BANQ.yaml.gz': curl: (35) Recv failure: Connection reset by peer
IGVFFI3113FXPW,,"Ansuman Satpathy, Stanford",Christopher Mcginnis,mapping,IGVFDS9237NVSE,single-nucleus ATAC-seq,10x multiome with MULTI-seq,ansuman-satpathy:seqspec_igvf_exp12_atac_10x7_NGS2,0.3.0,0.4.0,enumerate_modalities,seqspec_info_error,Input source does not exist: https://api.data.igvf.org/configuration-files/IGVFFI3113FXPW/@@download/IGVFFI3113FXPW.yaml.gz
IGVFFI3113PSDE,,"Ansuman Satpathy, Stanford",Christopher Mcginnis,mapping,IGVFDS9737EJUL,,10x multiome with MULTI-seq,ansuman-satpathy:seqspec_igvf_exp13_multi_10x3_NGS3,0.3.0,0.4.0,enumerate_modalities,seqspec_info_error,curl exited with status exit status: 35 while reading 'https://api.data.igvf.org/configuration-files/IGVFFI3113PSDE/@@download/IGVFFI3113PSDE.yaml.gz': curl: (35) Recv failure: Connection reset by peer
IGVFFI3115FNSE,,"Ryan Corces, Gladstone Institute UCSF",Ryan Corces,mapping,IGVFDS4171WSHF,single-nucleus ATAC-seq,10x multiome,,,,seqspec_version,seqspec_version_error,curl exited with status exit status: 35 while reading 'https://api.data.igvf.org/configuration-files/IGVFFI3115FNSE/@@download/IGVFFI3115FNSE.yaml.gz': curl: (35) Recv failure: Connection reset by peer
IGVFFI3116ENLC,,"Jason Buenrostro, Broad",Siddarth Wekhande,mapping,IGVFDS9261WYKR,single-cell ATAC-seq,SHARE-seq,buenrostro-bernstein:SS-LS_3854_seqspec,,,seqspec_version,seqspec_version_error,Input source does not exist: https://api.data.igvf.org/configuration-files/IGVFFI3116ENLC/@@download/IGVFFI3116ENLC.yaml.gz
IGVFFI3116HSPV,,"Ryan Corces, Gladstone Institute UCSF",Ryan Corces,mapping,IGVFDS1028AELE,single-nucleus RNA sequencing assay,10x multiome,,,,seqspec_version,seqspec_version_error,curl exited with status exit status: 35 while reading 'https://api.data.igvf.org/configuration-files/IGVFFI3116HSPV/@@download/IGVFFI3116HSPV.yaml.gz': curl: (35) Recv failure: Connection reset by peer
IGVFFI3116OYUP,,"Jason Buenrostro, Broad",Siddarth Wekhande,mapping,IGVFDS1387CFOT,single-cell ATAC-seq,SHARE-seq,buenrostro-bernstein:SS-LS_1565_seqspec_fixed,,,seqspec_version,seqspec_version_error,Input source does not exist: https://api.data.igvf.org/configuration-files/IGVFFI3116OYUP/@@download/IGVFFI3116OYUP.yaml.gz
IGVFFI3116USLT,atac,"Jason Buenrostro, Broad",Siddarth Wekhande,mapping,IGVFDS4920HAWH,single-cell ATAC-seq,SHARE-seq,buenrostro-bernstein:SS-LS_1591_seqspec_fixed,0.3.0,0.4.0,enumerate_files,seqspec_file_error,curl exited with status exit status: 35 while reading 'https://api.data.igvf.org/configuration-files/IGVFFI3116USLT/@@download/IGVFFI3116USLT.yaml.gz': curl: (35) Recv failure: Connection reset by peer
IGVFFI3117QSBZ,,"Ali Mortazavi, UCI",Diane Trout,mapping,IGVFDS5934LTVM,single-nucleus RNA sequencing assay,Parse SPLiT-seq,,0.3.0,0.4.0,enumerate_modalities,seqspec_info_error,curl exited with status exit status: 35 while reading 'https://api.data.igvf.org/configuration-files/IGVFFI3117QSBZ/@@download/IGVFFI3117QSBZ.yaml.gz': curl: (35) Recv failure: Connection reset by peer
IGVFFI3117WLDS,,"Jay Shendure, UW",Beth Martin,functional characterization,IGVFDS0774ETMA,,MPRA,jay-shendure:seqspec_of_dev_CRE_mEBs_repA_bulk_DNA_day10_reads,,,seqspec_version,malformed_seqspec_yaml,Could not read values.
IGVFFI3118RSSB,,"Ali Mortazavi, UCI",Diane Trout,mapping,IGVFDS8236SOPB,single-nucleus RNA sequencing assay,Parse SPLiT-seq,,0.3.0,0.4.0,enumerate_modalities,seqspec_info_error,Input source does not exist: https://api.data.igvf.org/configuration-files/IGVFFI3118RSSB/@@download/IGVFFI3118RSSB.yaml.gz
IGVFFI3120GNUD,,"Jason Buenrostro, Broad",Siddarth Wekhande,mapping,IGVFDS1387CFOT,single-cell ATAC-seq,SHARE-seq,buenrostro-bernstein:SS-LS_1757_seqspec_fixed,0.3.0,0.4.0,enumerate_modalities,seqspec_info_error,Input source does not exist: https://api.data.igvf.org/configuration-files/IGVFFI3120GNUD/@@download/IGVFFI3120GNUD.yaml.gz
IGVFFI3122AXUY,,"Jason Buenrostro, Broad",Siddarth Wekhande,mapping,IGVFDS9085MJZT,single-cell RNA sequencing assay,SHARE-seq,buenrostro-bernstein:SS-LS_2687_seqspec2,,,seqspec_version,seqspec_version_error,Input source does not exist: https://api.data.igvf.org/configuration-files/IGVFFI3122AXUY/@@download/IGVFFI3122AXUY.yaml.gz
IGVFFI3122CWEV,,"Jason Buenrostro, Broad",Siddarth Wekhande,mapping,IGVFDS4563BCFV,single-cell ATAC-seq,SHARE-seq,buenrostro-bernstein:SS-LS_1667_seqspec_fixed,,,seqspec_version,seqspec_version_error,Input source does not exist: https://api.data.igvf.org/configuration-files/IGVFFI3122CWEV/@@download/IGVFFI3122CWEV.yaml.gz
IGVFFI3122IQBP,,"Jason Buenrostro, Broad",Siddarth Wekhande,mapping,IGVFDS5168HWYG,single-cell ATAC-seq,SHARE-seq,buenrostro-bernstein:SS-LS_4396_seqspec,0.3.0,0.4.0,enumerate_modalities,seqspec_info_error,Input source does not exist: https://api.data.igvf.org/configuration-files/IGVFFI3122IQBP/@@download/IGVFFI3122IQBP.yaml.gz
IGVFFI3126WJBO,,"Ryan Corces, Gladstone Institute UCSF",Ryan Corces,mapping,IGVFDS4617MHLV,single-nucleus ATAC-seq,10x multiome,,,,seqspec_version,seqspec_version_error,curl exited with status exit status: 35 while reading 'https://api.data.igvf.org/configuration-files/IGVFFI3126WJBO/@@download/IGVFFI3126WJBO.yaml.gz': curl: (35) Recv failure: Connection reset by peer
IGVFFI3127PQYM,,"Jay Shendure, UW",Beth Martin,functional characterization,IGVFDS1813PQFV,bulk RNA-seq assay,RNA-seq,jay-shendure:seqspec_of_set_CRISPRa_singlevalidations_K562_TCF4_rep1,0.3.0,0.4.0,enumerate_modalities,seqspec_info_error,Input source does not exist: https://api.data.igvf.org/configuration-files/IGVFFI3127PQYM/@@download/IGVFFI3127PQYM.yaml.gz
IGVFFI3127WENG,rna,"Jason Buenrostro, Broad",Siddarth Wekhande,mapping,IGVFDS3777TUPG,single-cell RNA sequencing assay,SHARE-seq,buenrostro-bernstein:SS-LS_3989_seqspec,0.3.0,0.4.0,enumerate_files,seqspec_file_error,Input source does not exist: https://api.data.igvf.org/configuration-files/IGVFFI3127WENG/@@download/IGVFFI3127WENG.yaml.gz
IGVFFI3127XZCT,,"Ali Mortazavi, UCI",Diane Trout,mapping,IGVFDS4314DDJA,single-nucleus RNA sequencing assay,Parse SPLiT-seq,,0.3.0,0.4.0,enumerate_modalities,seqspec_info_error,Input source does not exist: https://api.data.igvf.org/configuration-files/IGVFFI3127XZCT/@@download/IGVFFI3127XZCT.yaml.gz
IGVFFI3129KXEM,,"Ali Mortazavi, UCI",Diane Trout,mapping,IGVFDS3441ARIK,single-nucleus RNA sequencing assay,Parse SPLiT-seq,,,,seqspec_version,seqspec_version_error,curl exited with status exit status: 35 while reading 'https://api.data.igvf.org/configuration-files/IGVFFI3129KXEM/@@download/IGVFFI3129KXEM.yaml.gz': curl: (35) Recv failure: Connection reset by peer
IGVFFI3131ANZF,,"Jay Shendure, UW",Beth Martin,functional characterization,IGVFDS7645MEIE,,MPRA (scQer),jay-shendure:seqspec_of_set_IGVFDS7645MEIE,,,seqspec_version,seqspec_version_error,Input source does not exist: https://api.data.igvf.org/configuration-files/IGVFFI3131ANZF/@@download/IGVFFI3131ANZF.yaml.gz
IGVFFI3132DNHF,,"Leif Ludwig, MDC",Ludwig Lab,mapping,IGVFDS7690BMNL,single-cell RNA sequencing assay,mtscMultiome,leif-ludwig:measurement230571005C_scRNA_L005_seqspec,,,seqspec_version,seqspec_version_error,Input source does not exist: https://api.data.igvf.org/configuration-files/IGVFFI3132DNHF/@@download/IGVFFI3132DNHF.yaml.gz
IGVFFI3136BVOB,,"Jason Buenrostro, Broad",Siddarth Wekhande,mapping,IGVFDS2128TDSX,single-cell ATAC-seq,SHARE-seq,buenrostro-bernstein:SS-LS_3917_seqspec,,,seqspec_version,seqspec_version_error,Input source does not exist: https://api.data.igvf.org/configuration-files/IGVFFI3136BVOB/@@download/IGVFFI3136BVOB.yaml.gz
IGVFFI3139ACNT,,"Ali Mortazavi, UCI",Diane Trout,mapping,IGVFDS0002EUAT,single-nucleus RNA sequencing assay,Parse SPLiT-seq,,,,seqspec_version,seqspec_version_error,Input source does not exist: https://api.data.igvf.org/configuration-files/IGVFFI3139ACNT/@@download/IGVFFI3139ACNT.yaml.gz
IGVFFI3139JPJP,,"Ryan Corces, Gladstone Institute UCSF",Ryan Corces,mapping,IGVFDS2203EWPQ,single-nucleus ATAC-seq,10x multiome,,,,seqspec_version,seqspec_version_error,Input source does not exist: https://api.data.igvf.org/configuration-files/IGVFFI3139JPJP/@@download/IGVFFI3139JPJP.yaml.gz
IGVFFI3141GNBX,,"Jason Buenrostro, Broad",Siddarth Wekhande,mapping,IGVFDS7165EWYS,single-cell RNA sequencing assay,SHARE-seq,buenrostro-bernstein:SS-LS_2400_seqspec_fixed,,,seqspec_version,seqspec_version_error,Input source does not exist: https://api.data.igvf.org/configuration-files/IGVFFI3141GNBX/@@download/IGVFFI3141GNBX.yaml.gz
IGVFFI3142ZKIH,,"Ansuman Satpathy, Stanford",Christopher Mcginnis,mapping,IGVFDS7297BZEA,single-nucleus RNA sequencing assay,10x multiome with MULTI-seq,ansuman-satpathy:seqspec_igvf_exp12_rna_10x5_NGS4,,,seqspec_version,seqspec_version_error,Input source does not exist: https://api.data.igvf.org/configuration-files/IGVFFI3142ZKIH/@@download/IGVFFI3142ZKIH.yaml.gz
IGVFFI3146GSKQ,,,,,,,,,,,worker,unhandled_exception,Expecting value: line 1 column 1 (char 0)
IGVFFI3224CMDE,,"Maya Kasowski, Stanford",Shouvik Mani,mapping,IGVFDS5298EFXG,single-nucleus ATAC-seq,10x snATAC-seq with Scale pre-indexing,maya-kasowski:Scale_scATAC_laneS702_well3F_seqspec,,,sequence_files,no_fastq_sequence_files,Configuration file has no linked FASTQ sequence files.
IGVFFI3227TDMR,,"Maya Kasowski, Stanford",Shouvik Mani,mapping,IGVFDS2525VPJF,single-nucleus ATAC-seq,10x snATAC-seq with Scale pre-indexing,maya-kasowski:Scale_scATAC_laneS701_well1C_seqspec,,,sequence_files,no_fastq_sequence_files,Configuration file has no linked FASTQ sequence files.
IGVFFI3262QMJL,,"Maya Kasowski, Stanford",Shouvik Mani,mapping,IGVFDS4541EOJA,single-nucleus ATAC-seq,10x snATAC-seq with Scale pre-indexing,maya-kasowski:Scale_scATAC_laneS706_well1H_seqspec,,,sequence_files,no_fastq_sequence_files,Configuration file has no linked FASTQ sequence files.
IGVFFI3325ETFC,,"Maya Kasowski, Stanford",Shouvik Mani,mapping,IGVFDS5025YBDR,single-nucleus ATAC-seq,10x snATAC-seq with Scale pre-indexing,maya-kasowski:Scale_scATAC_laneS703_well3A_seqspec,,,sequence_files,no_fastq_sequence_files,Configuration file has no linked FASTQ sequence files.
IGVFFI3330RHRV,,"Ryan Corces, Gladstone Institute UCSF",Ryan Corces,mapping,IGVFDS2377SEOL,single-nucleus RNA sequencing assay,10x multiome,,0.3.0,0.4.0,enumerate_modalities,seqspec_info_error,Input source does not exist: https://api.data.igvf.org/configuration-files/IGVFFI3330RHRV/@@download/IGVFFI3330RHRV.yaml.gz
IGVFFI3344PMDD,,"Maya Kasowski, Stanford",Shouvik Mani,mapping,IGVFDS5385RHAI,single-nucleus ATAC-seq,10x snATAC-seq with Scale pre-indexing,maya-kasowski:Scale_scATAC_laneS706_well3C_seqspec,,,sequence_files,no_fastq_sequence_files,Configuration file has no linked FASTQ sequence files.
IGVFFI3351LNCL,,"Maya Kasowski, Stanford",Shouvik Mani,mapping,IGVFDS0296URTA,single-nucleus ATAC-seq,10x snATAC-seq with Scale pre-indexing,maya-kasowski:Scale_scATAC_laneS703_well2H_seqspec,,,sequence_files,no_fastq_sequence_files,Configuration file has no linked FASTQ sequence files.
IGVFFI3358NXRK,,"Maya Kasowski, Stanford",Shouvik Mani,mapping,IGVFDS3243QJWW,single-nucleus ATAC-seq,10x snATAC-seq with Scale pre-indexing,maya-kasowski:Scale_scATAC_laneS704_well2A_seqspec,,,sequence_files,no_fastq_sequence_files,Configuration file has no linked FASTQ sequence files.
IGVFFI3404ZRRJ,,"Maya Kasowski, Stanford",Shouvik Mani,mapping,IGVFDS3859HHEX,single-nucleus ATAC-seq,10x snATAC-seq with Scale pre-indexing,maya-kasowski:Scale_scATAC_laneS701_well3H_seqspec,,,sequence_files,no_fastq_sequence_files,Configuration file has no linked FASTQ sequence files.
IGVFFI3420TSXZ,crispr,"Charles Gersbach, Duke",Ian Whaling,functional characterization,IGVFDS9108NLTS,,Perturb-seq,charles-gersbach:IGVFFI3933DRIM_v0.3.0_upgraded,0.3.0,0.4.0,resolve_fastqs,missing_fastq_metadata,Could not resolve FASTQ metadata for expected file '/data/reddylab/Alex/collab/20220523_Sean/data/sc_rna_seq/fastq/gRNA_CRISPRa_D1_S10_L002_R1_001.fastq.gz'.
IGVFFI3440HVXX,,"Maya Kasowski, Stanford",Shouvik Mani,mapping,IGVFDS1996RVLO,single-nucleus ATAC-seq,10x snATAC-seq with Scale pre-indexing,maya-kasowski:Scale_scATAC_laneS701_well1A_seqspec,,,sequence_files,no_fastq_sequence_files,Configuration file has no linked FASTQ sequence files.
IGVFFI3445MMRA,,"Jay Shendure, UW",Beth Martin,functional characterization,IGVFDS0034QRTM,,MPRA,jay-shendure:seqspec_of_dev_CRE_mEBs_repA_bulk_DNA_day20_reads,,,seqspec_version,malformed_seqspec_yaml,Could not read values.
IGVFFI3508ZDVF,,"Jay Shendure, UW",Beth Martin,functional characterization,IGVFDS8746LSXO,,MPRA,jay-shendure:seqspec_of_dev_CRE_mEBs_rep2B_part1_bulk_DNA_day4_reads,,,seqspec_version,malformed_seqspec_yaml,Could not read values.
IGVFFI3631ESRA,,"Jay Shendure, UW",Beth Martin,functional characterization,IGVFDS7547SYUP,massively parallel reporter assay,MPRA,jay-shendure:seqspec_of_dev_CRE_mEBs_repA_bulk_RNA_day8_reads,,,seqspec_version,malformed_seqspec_yaml,Could not read values.
IGVFFI3633ZDLC,,"Jay Shendure, UW",Beth Martin,functional characterization,IGVFDS8540VFIL,massively parallel reporter assay,MPRA,jay-shendure:seqspec_of_dev_CRE_mEBs_rep2B_part1_bulk_RNA_day4_reads,,,seqspec_version,malformed_seqspec_yaml,Could not read values.
IGVFFI3771RUNF,,"Maya Kasowski, Stanford",Shouvik Mani,mapping,IGVFDS7999MWWT,single-nucleus ATAC-seq,10x snATAC-seq with Scale pre-indexing,maya-kasowski:Scale_scATAC_laneS705_well3H_seqspec,,,sequence_files,no_fastq_sequence_files,Configuration file has no linked FASTQ sequence files.
IGVFFI3788TENT,,"Maya Kasowski, Stanford",Shouvik Mani,mapping,IGVFDS4592KMKQ,single-nucleus ATAC-seq,10x snATAC-seq with Scale pre-indexing,maya-kasowski:Scale_scATAC_laneS703_well2E_seqspec,,,sequence_files,no_fastq_sequence_files,Configuration file has no linked FASTQ sequence files.
IGVFFI3858NMGU,,"Maya Kasowski, Stanford",Shouvik Mani,mapping,IGVFDS5800OTLT,single-nucleus ATAC-seq,10x snATAC-seq with Scale pre-indexing,maya-kasowski:Scale_scATAC_laneS704_well2C_seqspec,,,sequence_files,no_fastq_sequence_files,Configuration file has no linked FASTQ sequence files.
IGVFFI3859HRRH,,"Jason Buenrostro, Broad",Siddarth Wekhande,mapping,IGVFDS6369AVJI,single-cell ATAC-seq,SHARE-seq,buenrostro-bernstein:SS-LS_8954_seqspec,,,seqspec_version,seqspec_version_error,Input source does not exist: https://api.data.igvf.org/configuration-files/IGVFFI3859HRRH/@@download/IGVFFI3859HRRH.yaml.gz
IGVFFI3879POIV,,"Maya Kasowski, Stanford",Shouvik Mani,mapping,IGVFDS5196HQYE,single-nucleus ATAC-seq,10x snATAC-seq with Scale pre-indexing,maya-kasowski:Scale_scATAC_laneS701_well2E_seqspec,,,sequence_files,no_fastq_sequence_files,Configuration file has no linked FASTQ sequence files.
IGVFFI3931ZJRD,,"Ansuman Satpathy, Stanford",Christopher Mcginnis,mapping,IGVFDS7320EONJ,,10x multiome with MULTI-seq,ansuman-satpathy:seqspec_igvf_exp6_multi_10x2_NGS2,0.3.0,0.4.0,enumerate_modalities,seqspec_info_error,curl exited with status exit status: 56 while reading 'https://api.data.igvf.org/configuration-files/IGVFFI3931ZJRD/@@download/IGVFFI3931ZJRD.yaml.gz': curl: (56) Recv failure: Connection reset by peer
IGVFFI3960AQTI,,"Jay Shendure, UW",Beth Martin,functional characterization,IGVFDS1064LHGI,,MPRA,jay-shendure:seqspec_of_dev_CRE_mEBs_repA_bulk_DNA_day14_reads,,,seqspec_version,malformed_seqspec_yaml,Could not read values.
IGVFFI3962PCKX,,"Maya Kasowski, Stanford",Shouvik Mani,mapping,IGVFDS0459QBKF,single-nucleus ATAC-seq,10x snATAC-seq with Scale pre-indexing,maya-kasowski:Scale_scATAC_laneS703_well1G_seqspec,,,sequence_files,no_fastq_sequence_files,Configuration file has no linked FASTQ sequence files.
IGVFFI3966UXCB,,"Jay Shendure, UW",Beth Martin,functional characterization,IGVFDS9778WLEE,massively parallel reporter assay,MPRA,jay-shendure:seqspec_of_dev_CRE_mEBs_rep2B_part1_bulk_RNA_day0_reads,,,seqspec_version,malformed_seqspec_yaml,Could not read values.
IGVFFI3967UGRB,,"Maya Kasowski, Stanford",Shouvik Mani,mapping,IGVFDS9223RRBX,single-nucleus ATAC-seq,10x snATAC-seq with Scale pre-indexing,maya-kasowski:Scale_scATAC_laneS703_well2A_seqspec,,,sequence_files,no_fastq_sequence_files,Configuration file has no linked FASTQ sequence files.
IGVFFI3995XTWY,,"Jay Shendure, UW",Beth Martin,functional characterization,IGVFDS2047KEEM,massively parallel reporter assay,MPRA,jay-shendure:seqspec_of_dev_CRE_mEBs_rep2B_part2_bulk_RNA_day0_reads,,,seqspec_version,malformed_seqspec_yaml,Could not read values.
IGVFFI4034MNFR,,"Ryan Corces, Gladstone Institute UCSF",Ryan Corces,mapping,IGVFDS1225ARBV,single-nucleus RNA sequencing assay,10x multiome,,0.3.0,0.4.0,enumerate_modalities,seqspec_info_error,curl exited with status exit status: 35 while reading 'https://api.data.igvf.org/configuration-files/IGVFFI4034MNFR/@@download/IGVFFI4034MNFR.yaml.gz': curl: (35) Recv failure: Connection reset by peer
IGVFFI4054WFXD,,"Maya Kasowski, Stanford",Shouvik Mani,mapping,IGVFDS6659WMZJ,single-nucleus ATAC-seq,10x snATAC-seq with Scale pre-indexing,maya-kasowski:Scale_scATAC_laneS703_well1E_seqspec,,,sequence_files,no_fastq_sequence_files,Configuration file has no linked FASTQ sequence files.
IGVFFI4060JACW,,"Jay Shendure, UW",Beth Martin,functional characterization,IGVFDS7059CWBY,,MPRA,jay-shendure:seqspec_of_dev_CRE_mEBs_repA_bulk_DNA_day12_reads,,,seqspec_version,malformed_seqspec_yaml,Could not read values.
IGVFFI4073EGNC,,"Jay Shendure, UW",Beth Martin,functional characterization,IGVFDS6028VFBK,,MPRA,jay-shendure:seqspec_of_dev_CRE_mEBs_rep2B_part1_bulk_DNA_day0_reads,,,seqspec_version,malformed_seqspec_yaml,Could not read values.
IGVFFI4106VMGU,,,,,,,,,,,worker,unhandled_exception,Expecting value: line 1 column 1 (char 0)
IGVFFI4163AAXY,,"Jason Buenrostro, Broad",Siddarth Wekhande,mapping,IGVFDS2063ABVV,single-cell ATAC-seq,SHARE-seq,buenrostro-bernstein:SS-LS_8503_seqspec,,,seqspec_version,seqspec_version_error,Input source does not exist: https://api.data.igvf.org/configuration-files/IGVFFI4163AAXY/@@download/IGVFFI4163AAXY.yaml.gz
IGVFFI4189FCNB,,"Maya Kasowski, Stanford",Shouvik Mani,mapping,IGVFDS4901DMAE,single-nucleus ATAC-seq,10x snATAC-seq with Scale pre-indexing,maya-kasowski:Scale_scATAC_laneS704_well1D_seqspec,,,sequence_files,no_fastq_sequence_files,Configuration file has no linked FASTQ sequence files.
IGVFFI4221DSTP,crispr,"Charles Gersbach, Duke",Ian Whaling,functional characterization,IGVFDS2399UCGA,,Perturb-seq,charles-gersbach:IGVFFI4432MMHG_v0.3.0_upgraded,0.3.0,0.4.0,resolve_fastqs,missing_fastq_metadata,Could not resolve FASTQ metadata for expected file '/data/reddylab/Alex/collab/20220523_Sean/data/sc_rna_seq/fastq/gRNA_CRISPRi_D2_S8_L004_R2_001.fastq.gz'.
IGVFFI4231VQHP,crispr,"Charles Gersbach, Duke",Ian Whaling,functional characterization,IGVFDS3945FAEL,,Perturb-seq,charles-gersbach:IGVFFI0628YCXP_v0.3.0_upgraded,0.3.0,0.4.0,resolve_fastqs,missing_fastq_metadata,Could not resolve FASTQ metadata for expected file '/data/reddylab/Alex/collab/20220523_Sean/data/sc_rna_seq/fastq/gRNA_CRISPRa_D3_S12_L002_R1_001.fastq.gz'.
IGVFFI4250CADG,,"Maya Kasowski, Stanford",Shouvik Mani,mapping,IGVFDS9411TKFJ,single-nucleus ATAC-seq,10x snATAC-seq with Scale pre-indexing,maya-kasowski:Scale_scATAC_laneS705_well2G_seqspec,,,sequence_files,no_fastq_sequence_files,Configuration file has no linked FASTQ sequence files.
IGVFFI4289CBAJ,,"Maya Kasowski, Stanford",Shouvik Mani,mapping,IGVFDS0516FHUR,single-nucleus ATAC-seq,10x snATAC-seq with Scale pre-indexing,maya-kasowski:Scale_scATAC_laneS702_well1C_seqspec,,,sequence_files,no_fastq_sequence_files,Configuration file has no linked FASTQ sequence files.
IGVFFI4412FCNP,,"Maya Kasowski, Stanford",Shouvik Mani,mapping,IGVFDS2882TMDE,single-nucleus ATAC-seq,10x snATAC-seq with Scale pre-indexing,maya-kasowski:Scale_scATAC_laneS704_well1H_seqspec,,,sequence_files,no_fastq_sequence_files,Configuration file has no linked FASTQ sequence files.
IGVFFI4419WGYI,,"Jay Shendure, UW",Beth Martin,functional characterization,IGVFDS8519NOEI,,MPRA,jay-shendure:seqspec_of_dev_CRE_mEBs_repB_bulk_DNA_day6_reads,,,seqspec_version,malformed_seqspec_yaml,Could not read values.
IGVFFI4420PSGE,,"Maya Kasowski, Stanford",Shouvik Mani,mapping,IGVFDS3293FFZR,single-nucleus ATAC-seq,10x snATAC-seq with Scale pre-indexing,maya-kasowski:Scale_scATAC_laneS705_well3G_seqspec,,,sequence_files,no_fastq_sequence_files,Configuration file has no linked FASTQ sequence files.
IGVFFI4508UKBG,crispr,"Charles Gersbach, Duke",Ian Whaling,functional characterization,IGVFDS2399UCGA,,Perturb-seq,charles-gersbach:IGVFFI9274GOYS_v0.3.0_upgraded,0.3.0,0.4.0,resolve_fastqs,missing_fastq_metadata,Could not resolve FASTQ metadata for expected file '/data/reddylab/Alex/collab/20220523_Sean/data/sc_rna_seq/fastq/gRNA_CRISPRi_D2_S8_L003_R2_001.fastq.gz'.
IGVFFI4583NTFO,,"Jay Shendure, UW",Beth Martin,functional characterization,IGVFDS1416HRTP,massively parallel reporter assay,MPRA,jay-shendure:seqspec_of_dev_CRE_mEBs_rep2B_part1_bulk_RNA_day12_reads,,,seqspec_version,malformed_seqspec_yaml,Could not read values.
IGVFFI4626MQQN,,"Maya Kasowski, Stanford",Shouvik Mani,mapping,IGVFDS4907FAIC,single-nucleus ATAC-seq,10x snATAC-seq with Scale pre-indexing,maya-kasowski:Scale_scATAC_laneS706_well3H_seqspec,,,sequence_files,no_fastq_sequence_files,Configuration file has no linked FASTQ sequence files.
IGVFFI4647THYQ,,"Maya Kasowski, Stanford",Shouvik Mani,mapping,IGVFDS4452BVUW,single-nucleus ATAC-seq,10x snATAC-seq with Scale pre-indexing,maya-kasowski:Scale_scATAC_laneS701_well1F_seqspec,,,sequence_files,no_fastq_sequence_files,Configuration file has no linked FASTQ sequence files.
IGVFFI4651DZZN,,"Maya Kasowski, Stanford",Shouvik Mani,mapping,IGVFDS4783EGBL,single-nucleus ATAC-seq,10x snATAC-seq with Scale pre-indexing,maya-kasowski:Scale_scATAC_laneS705_well3A_seqspec,,,sequence_files,no_fastq_sequence_files,Configuration file has no linked FASTQ sequence files.
IGVFFI4661RHDG,,,,,,,,,,,worker,unhandled_exception,Expecting value: line 1 column 1 (char 0)
IGVFFI4664WDUN,,"Jay Shendure, UW",Beth Martin,functional characterization,IGVFDS0885VFHW,massively parallel reporter assay,MPRA,jay-shendure:seqspec_of_dev_CRE_mEBs_repB_bulk_RNA_day14_reads,,,seqspec_version,malformed_seqspec_yaml,Could not read values.
IGVFFI4695CTOI,,"Maya Kasowski, Stanford",Shouvik Mani,mapping,IGVFDS0426TDZX,single-nucleus ATAC-seq,10x snATAC-seq with Scale pre-indexing,maya-kasowski:Scale_scATAC_laneS703_well3G_seqspec,,,sequence_files,no_fastq_sequence_files,Configuration file has no linked FASTQ sequence files.
IGVFFI4713DWYL,,"Maya Kasowski, Stanford",Shouvik Mani,mapping,IGVFDS3204QRQS,single-nucleus ATAC-seq,10x snATAC-seq with Scale pre-indexing,maya-kasowski:Scale_scATAC_laneS703_well1C_seqspec,,,sequence_files,no_fastq_sequence_files,Configuration file has no linked FASTQ sequence files.
IGVFFI4722GAJO,,"Maya Kasowski, Stanford",Shouvik Mani,mapping,IGVFDS5269DAJF,single-nucleus ATAC-seq,10x snATAC-seq with Scale pre-indexing,maya-kasowski:Scale_scATAC_laneS703_well1H_seqspec,,,sequence_files,no_fastq_sequence_files,Configuration file has no linked FASTQ sequence files.
IGVFFI4747OOCN,,"Charles Gersbach, Duke",Ruhi Rai,functional characterization,IGVFDS4521RIQF,in vitro CRISPR screen using single-cell RNA-seq,Perturb-seq,charles-gersbach:hPA-Seqspec-perturbseq-10xlane4-GEX-L2,,,seqspec_version,malformed_seqspec_yaml,Could not read values.
IGVFFI4807ORSX,,"Maya Kasowski, Stanford",Shouvik Mani,mapping,IGVFDS5098CSZI,single-nucleus ATAC-seq,10x snATAC-seq with Scale pre-indexing,maya-kasowski:Scale_scATAC_laneS701_well1H_seqspec,,,sequence_files,no_fastq_sequence_files,Configuration file has no linked FASTQ sequence files.
IGVFFI4808PWPI,,"Maya Kasowski, Stanford",Shouvik Mani,mapping,IGVFDS3821LOME,single-nucleus ATAC-seq,10x snATAC-seq with Scale pre-indexing,maya-kasowski:Scale_scATAC_laneS704_well3G_seqspec,,,sequence_files,no_fastq_sequence_files,Configuration file has no linked FASTQ sequence files.
IGVFFI4808WNXE,,"Maya Kasowski, Stanford",Shouvik Mani,mapping,IGVFDS3540AGIV,single-nucleus ATAC-seq,10x snATAC-seq with Scale pre-indexing,maya-kasowski:Scale_scATAC_laneS701_well2F_seqspec,,,sequence_files,no_fastq_sequence_files,Configuration file has no linked FASTQ sequence files.
IGVFFI4887AMGT,,"Jay Shendure, UW",Beth Martin,functional characterization,IGVFDS2965JJYR,,MPRA,jay-shendure:seqspec_of_dev_CRE_mEBs_repB_bulk_DNA_day16_reads,,,seqspec_version,malformed_seqspec_yaml,Could not read values.
IGVFFI4904GDHG,,"Jimmie Ye, UCSF",Marcus Alvarez,mapping,IGVFDS3331VNXD,single-nucleus ATAC-seq,10x multiome,jimmie-ye:seqspec-XX6-SC2_snATAC_S1,,,seqspec_version,seqspec_version_error,Input source does not exist: https://api.data.igvf.org/configuration-files/IGVFFI4904GDHG/@@download/IGVFFI4904GDHG.yaml.gz
IGVFFI4918IRAY,,"Jay Shendure, UW",Beth Martin,functional characterization,IGVFDS1048UDZS,massively parallel reporter assay,MPRA,jay-shendure:seqspec_of_dev_CRE_mEBs_rep2B_part2_bulk_RNA_day18_reads,,,seqspec_version,malformed_seqspec_yaml,Could not read values.
IGVFFI4962CLEZ,,"Maya Kasowski, Stanford",Shouvik Mani,mapping,IGVFDS6768XIMR,single-nucleus ATAC-seq,10x snATAC-seq with Scale pre-indexing,maya-kasowski:Scale_scATAC_laneS704_well1G_seqspec,,,sequence_files,no_fastq_sequence_files,Configuration file has no linked FASTQ sequence files.
IGVFFI4996LDSQ,,"Jay Shendure, UW",Beth Martin,functional characterization,IGVFDS2172PVLM,massively parallel reporter assay,MPRA,jay-shendure:seqspec_of_dev_CRE_mEBs_repB_bulk_RNA_day8_reads,,,seqspec_version,malformed_seqspec_yaml,Could not read values.
IGVFFI5009VJYC,,"Ali Mortazavi, UCI",Diane Trout,mapping,IGVFDS9237YADU,single-nucleus RNA sequencing assay,Parse SPLiT-seq,,0.3.0,0.4.0,enumerate_modalities,seqspec_info_error,Input source does not exist: https://api.data.igvf.org/configuration-files/IGVFFI5009VJYC/@@download/IGVFFI5009VJYC.yaml.gz
IGVFFI5033PBUY,,"Maya Kasowski, Stanford",Shouvik Mani,mapping,IGVFDS2655XLWQ,single-nucleus ATAC-seq,10x snATAC-seq with Scale pre-indexing,maya-kasowski:Scale_scATAC_laneS704_well3E_seqspec,,,sequence_files,no_fastq_sequence_files,Configuration file has no linked FASTQ sequence files.
IGVFFI5050KHYP,,"Jay Shendure, UW",Beth Martin,functional characterization,IGVFDS3958ZVDP,massively parallel reporter assay,MPRA,jay-shendure:seqspec_of_dev_CRE_mEBs_repA_bulk_RNA_day6_reads,,,seqspec_version,malformed_seqspec_yaml,Could not read values.
IGVFFI5103ARWG,,"Jay Shendure, UW",Beth Martin,functional characterization,IGVFDS2236AYJF,massively parallel reporter assay,MPRA,jay-shendure:seqspec_of_dev_CRE_mEBs_repA_bulk_RNA_day21_reads,,,seqspec_version,malformed_seqspec_yaml,Could not read values.
IGVFFI5104VOIW,,"Maya Kasowski, Stanford",Shouvik Mani,mapping,IGVFDS7054EQRX,single-nucleus ATAC-seq,10x snATAC-seq with Scale pre-indexing,maya-kasowski:Scale_scATAC_laneS702_well2D_seqspec,,,sequence_files,no_fastq_sequence_files,Configuration file has no linked FASTQ sequence files.
IGVFFI5157VZDA,,"Maya Kasowski, Stanford",Shouvik Mani,mapping,IGVFDS8976VDZG,single-nucleus ATAC-seq,10x snATAC-seq with Scale pre-indexing,maya-kasowski:Scale_scATAC_laneS705_well3F_seqspec,,,sequence_files,no_fastq_sequence_files,Configuration file has no linked FASTQ sequence files.
IGVFFI5167QDPO,crispr,"Charles Gersbach, Duke",Ian Whaling,functional characterization,IGVFDS2399UCGA,,Perturb-seq,charles-gersbach:IGVFFI2662OZJM_v0.3.0_upgraded,0.3.0,0.4.0,resolve_fastqs,missing_fastq_metadata,Could not resolve FASTQ metadata for expected file '/data/reddylab/Alex/collab/20220523_Sean/data/sc_rna_seq/fastq/gRNA_CRISPRi_D2_S8_L002_R1_001.fastq.gz'.
IGVFFI5175BWTJ,,"Maya Kasowski, Stanford",Shouvik Mani,mapping,IGVFDS8995SHKK,single-nucleus ATAC-seq,10x snATAC-seq with Scale pre-indexing,maya-kasowski:Scale_scATAC_laneS702_well1A_seqspec,,,sequence_files,no_fastq_sequence_files,Configuration file has no linked FASTQ sequence files.
IGVFFI5208SSVS,,,,,,,,,,,worker,unhandled_exception,Expecting value: line 1 column 1 (char 0)
IGVFFI5232ZSEB,crispr,"Charles Gersbach, Duke",Ian Whaling,functional characterization,IGVFDS3945FAEL,,Perturb-seq,charles-gersbach:IGVFFI0583TWJA_v0.3.0_upgraded,0.3.0,0.4.0,resolve_fastqs,missing_fastq_metadata,Could not resolve FASTQ metadata for expected file '/data/reddylab/Alex/collab/20220523_Sean/data/sc_rna_seq/fastq/gRNA_CRISPRa_D3_S12_L001_R1_001.fastq.gz'.
IGVFFI5236EKFS,rna,"Jason Buenrostro, Broad",Siddarth Wekhande,mapping,IGVFDS0203CRBT,single-cell RNA sequencing assay,SHARE-seq,buenrostro-bernstein:SS-LS_3971_seqspec,0.3.0,0.4.0,enumerate_files,seqspec_file_error,curl exited with status exit status: 35 while reading 'https://api.data.igvf.org/configuration-files/IGVFFI5236EKFS/@@download/IGVFFI5236EKFS.yaml.gz': curl: (35) Recv failure: Connection reset by peer
IGVFFI5266PRIM,,"Jay Shendure, UW",Beth Martin,functional characterization,IGVFDS3255PUEZ,,MPRA,jay-shendure:seqspec_of_dev_CRE_mEBs_rep2B_part2_bulk_DNA_day12_reads,,,seqspec_version,malformed_seqspec_yaml,Could not read values.
IGVFFI5311JMAJ,,"Jay Shendure, UW",Beth Martin,functional characterization,IGVFDS0571IOSL,massively parallel reporter assay,MPRA,jay-shendure:seqspec_of_dev_CRE_mEBs_rep2B_part1_bulk_RNA_day8_reads,,,seqspec_version,malformed_seqspec_yaml,Could not read values.
IGVFFI5385LMPX,,"Jay Shendure, UW",Beth Martin,functional characterization,IGVFDS8101YKZJ,massively parallel reporter assay,MPRA,jay-shendure:seqspec_of_dev_CRE_mEBs_repA_bulk_RNA_day0_reads,,,seqspec_version,malformed_seqspec_yaml,Could not read values.
IGVFFI5387RDET,,"Maya Kasowski, Stanford",Shouvik Mani,mapping,IGVFDS3354HRNG,single-nucleus ATAC-seq,10x snATAC-seq with Scale pre-indexing,maya-kasowski:Scale_scATAC_laneS704_well1F_seqspec,,,sequence_files,no_fastq_sequence_files,Configuration file has no linked FASTQ sequence files.
IGVFFI5434WWKW,,"Charles Gersbach, Duke",Ruhi Rai,functional characterization,IGVFDS0886UBIB,in vitro CRISPR screen using single-cell RNA-seq,Perturb-seq,charles-gersbach:hPA-Seqspec-perturbseq-10xlane1-GEX-L2,,,seqspec_version,malformed_seqspec_yaml,Could not read values.
IGVFFI5445WDIC,,"Maya Kasowski, Stanford",Shouvik Mani,mapping,IGVFDS7957FMTV,single-nucleus ATAC-seq,10x snATAC-seq with Scale pre-indexing,maya-kasowski:Scale_scATAC_laneS702_well1G_seqspec,,,sequence_files,no_fastq_sequence_files,Configuration file has no linked FASTQ sequence files.
IGVFFI5498YIRG,,"Maya Kasowski, Stanford",Shouvik Mani,mapping,IGVFDS9396DKRN,single-nucleus ATAC-seq,10x snATAC-seq with Scale pre-indexing,maya-kasowski:Scale_scATAC_laneS704_well1B_seqspec,,,sequence_files,no_fastq_sequence_files,Configuration file has no linked FASTQ sequence files.
IGVFFI5797AMGJ,,"Jay Shendure, UW",Beth Martin,functional characterization,IGVFDS2392JXXP,,MPRA,jay-shendure:seqspec_of_dev_CRE_mEBs_rep2B_part1_bulk_DNA_day20_reads,,,seqspec_version,malformed_seqspec_yaml,Could not read values.
IGVFFI5840ZDYJ,,"Jay Shendure, UW",Beth Martin,functional characterization,IGVFDS8347TPDV,,MPRA,jay-shendure:seqspec_of_dev_CRE_mEBs_repA_bulk_DNA_day16_reads,,,seqspec_version,malformed_seqspec_yaml,Could not read values.
IGVFFI5857HOHG,,"Jay Shendure, UW",Beth Martin,functional characterization,IGVFDS4286KGNY,,MPRA,jay-shendure:seqspec_of_dev_CRE_mEBs_rep2B_part2_bulk_DNA_day8_reads,,,seqspec_version,malformed_seqspec_yaml,Could not read values.
IGVFFI5872YKVJ,,"Jay Shendure, UW",Beth Martin,functional characterization,IGVFDS2637WTJT,,MPRA,jay-shendure:seqspec_of_dev_CRE_mEBs_repB_bulk_DNA_day20_reads,,,seqspec_version,malformed_seqspec_yaml,Could not read values.
IGVFFI5964NTAF,,"Maya Kasowski, Stanford",Shouvik Mani,mapping,IGVFDS2451XUXG,single-nucleus ATAC-seq,10x snATAC-seq with Scale pre-indexing,maya-kasowski:Scale_scATAC_laneS701_well3G_seqspec,,,sequence_files,no_fastq_sequence_files,Configuration file has no linked FASTQ sequence files.
IGVFFI6000TCLG,,"Maya Kasowski, Stanford",Shouvik Mani,mapping,IGVFDS9802GLSQ,single-nucleus ATAC-seq,10x snATAC-seq with Scale pre-indexing,maya-kasowski:Scale_scATAC_laneS701_well2A_seqspec,,,sequence_files,no_fastq_sequence_files,Configuration file has no linked FASTQ sequence files.
IGVFFI6039STCJ,,"Jay Shendure, UW",Beth Martin,functional characterization,IGVFDS9566FDYZ,massively parallel reporter assay,MPRA,jay-shendure:seqspec_of_dev_CRE_mEBs_repA_bulk_RNA_day14_reads,,,seqspec_version,malformed_seqspec_yaml,Could not read values.
IGVFFI6059HNER,,"Jay Shendure, UW",Beth Martin,functional characterization,IGVFDS7145WTJW,,MPRA,jay-shendure:seqspec_of_dev_CRE_mEBs_repB_bulk_DNA_day21_reads,,,seqspec_version,malformed_seqspec_yaml,Could not read values.
IGVFFI6078KHDM,,"Maya Kasowski, Stanford",Shouvik Mani,mapping,IGVFDS1876MWTA,single-nucleus ATAC-seq,10x snATAC-seq with Scale pre-indexing,maya-kasowski:Scale_scATAC_laneS706_well2E_seqspec,,,sequence_files,no_fastq_sequence_files,Configuration file has no linked FASTQ sequence files.
IGVFFI6098DUXE,rna,"Ali Mortazavi, UCI",Diane Trout,mapping,IGVFDS0877DBYT,single-nucleus RNA sequencing assay,Parse SPLiT-seq,,0.3.0,0.4.0,enumerate_files,seqspec_file_error,curl exited with status exit status: 35 while reading 'https://api.data.igvf.org/configuration-files/IGVFFI6098DUXE/@@download/IGVFFI6098DUXE.yaml.gz': curl: (35) Recv failure: Connection reset by peer
IGVFFI6111KMQB,,"Charles Gersbach, Duke",Ruhi Rai,functional characterization,IGVFDS8404CSTN,in vitro CRISPR screen using single-cell RNA-seq,Perturb-seq,charles-gersbach:hPA-Seqspec-perturbseq-10xlane2-GEX-L1,,,seqspec_version,malformed_seqspec_yaml,Could not read values.
IGVFFI6115LRXW,,"Maya Kasowski, Stanford",Shouvik Mani,mapping,IGVFDS5695GVNO,single-nucleus ATAC-seq,10x snATAC-seq with Scale pre-indexing,maya-kasowski:Scale_scATAC_laneS703_well3D_seqspec,,,sequence_files,no_fastq_sequence_files,Configuration file has no linked FASTQ sequence files.
IGVFFI6124EGXB,,"Maya Kasowski, Stanford",Shouvik Mani,mapping,IGVFDS9883OOYA,single-nucleus ATAC-seq,10x snATAC-seq with Scale pre-indexing,maya-kasowski:Scale_scATAC_laneS701_well2C_seqspec,,,sequence_files,no_fastq_sequence_files,Configuration file has no linked FASTQ sequence files.
IGVFFI6191JEYP,,"Maya Kasowski, Stanford",Shouvik Mani,mapping,IGVFDS4433CDFU,single-nucleus ATAC-seq,10x snATAC-seq with Scale pre-indexing,maya-kasowski:Scale_scATAC_laneS702_well2F_seqspec,,,sequence_files,no_fastq_sequence_files,Configuration file has no linked FASTQ sequence files.
IGVFFI6292PSYW,,"Jay Shendure, UW",Beth Martin,functional characterization,IGVFDS3976EEWC,,MPRA,jay-shendure:seqspec_of_dev_CRE_mEBs_rep2B_part2_bulk_DNA_day16_reads,,,seqspec_version,malformed_seqspec_yaml,Could not read values.
IGVFFI6324ZTES,,"Charles Gersbach, Duke",Ruhi Rai,functional characterization,IGVFDS8404CSTN,in vitro CRISPR screen using single-cell RNA-seq,Perturb-seq,charles-gersbach:hPA-Seqspec-perturbseq-10xlane2-GEX-L2,,,seqspec_version,malformed_seqspec_yaml,Could not read values.
IGVFFI6356XXGS,rna,"Hao Wu, UPenn",Hongjie Zhang,networks,IGVFDS4129GKUC,single cell new transcription sequencing,scNT-seq2,hao-wu:scNTseq_donor_370_day8.yaml,0.3.0,0.4.0,enumerate_files,seqspec_file_error,curl exited with status exit status: 56 while reading 'https://api.data.igvf.org/configuration-files/IGVFFI6356XXGS/@@download/IGVFFI6356XXGS.yaml.gz': curl: (56) Recv failure: Connection reset by peer
IGVFFI6420LILR,,"Maya Kasowski, Stanford",Shouvik Mani,mapping,IGVFDS4110RIIO,single-nucleus ATAC-seq,10x snATAC-seq with Scale pre-indexing,maya-kasowski:Scale_scATAC_laneS704_well2G_seqspec,,,sequence_files,no_fastq_sequence_files,Configuration file has no linked FASTQ sequence files.
IGVFFI6434EGGA,,"Jay Shendure, UW",Beth Martin,functional characterization,IGVFDS7930QJVE,massively parallel reporter assay,MPRA,jay-shendure:seqspec_of_dev_CRE_mEBs_repB_bulk_RNA_day18_reads,,,seqspec_version,malformed_seqspec_yaml,Could not read values.
IGVFFI6451LZBU,,"Jay Shendure, UW",Beth Martin,functional characterization,IGVFDS0115ZUKE,massively parallel reporter assay,MPRA,jay-shendure:seqspec_of_dev_CRE_mEBs_repB_bulk_RNA_day6_reads,,,seqspec_version,malformed_seqspec_yaml,Could not read values.
IGVFFI6452SUES,,"Maya Kasowski, Stanford",Shouvik Mani,mapping,IGVFDS5170OPLE,single-nucleus ATAC-seq,10x snATAC-seq with Scale pre-indexing,maya-kasowski:Scale_scATAC_laneS706_well1G_seqspec,,,sequence_files,no_fastq_sequence_files,Configuration file has no linked FASTQ sequence files.
IGVFFI6482VWRS,,"Maya Kasowski, Stanford",Shouvik Mani,mapping,IGVFDS0564LTNP,single-nucleus ATAC-seq,10x snATAC-seq with Scale pre-indexing,maya-kasowski:Scale_scATAC_laneS701_well3D_seqspec,,,sequence_files,no_fastq_sequence_files,Configuration file has no linked FASTQ sequence files.
IGVFFI6513MHUE,,"Maya Kasowski, Stanford",Shouvik Mani,mapping,IGVFDS3649EOLI,single-nucleus ATAC-seq,10x snATAC-seq with Scale pre-indexing,maya-kasowski:Scale_scATAC_laneS702_well3H_seqspec,,,sequence_files,no_fastq_sequence_files,Configuration file has no linked FASTQ sequence files.
IGVFFI6552ZYUU,,"Maya Kasowski, Stanford",Shouvik Mani,mapping,IGVFDS0490BSHK,single-nucleus ATAC-seq,10x snATAC-seq with Scale pre-indexing,maya-kasowski:Scale_scATAC_laneS703_well1D_seqspec,,,sequence_files,no_fastq_sequence_files,Configuration file has no linked FASTQ sequence files.
IGVFFI6564CSMW,,"Ryan Corces, Gladstone Institute UCSF",Ryan Corces,mapping,IGVFDS6013DGAO,single-nucleus RNA sequencing assay,10x multiome,,,,seqspec_version,seqspec_version_error,curl exited with status exit status: 56 while reading 'https://api.data.igvf.org/configuration-files/IGVFFI6564CSMW/@@download/IGVFFI6564CSMW.yaml.gz': curl: (56) Recv failure: Connection reset by peer
IGVFFI6587ONPF,,"Charles Gersbach, Duke",Ruhi Rai,functional characterization,IGVFDS0886UBIB,in vitro CRISPR screen using single-cell RNA-seq,Perturb-seq,charles-gersbach:hPA-Seqspec-perturbseq-10xlane1-GEX-L1,,,seqspec_version,malformed_seqspec_yaml,Could not read values.
IGVFFI6596SUFR,,"Maya Kasowski, Stanford",Shouvik Mani,mapping,IGVFDS1400IKOZ,single-nucleus ATAC-seq,10x snATAC-seq with Scale pre-indexing,maya-kasowski:Scale_scATAC_laneS703_well2D_seqspec,,,sequence_files,no_fastq_sequence_files,Configuration file has no linked FASTQ sequence files.
IGVFFI6616VCKM,crispr,"Charles Gersbach, Duke",Ian Whaling,functional characterization,IGVFDS0993OMZM,,Perturb-seq,charles-gersbach:IGVFFI6418YXCM_v0.3.0_upgraded,0.3.0,0.4.0,resolve_fastqs,missing_fastq_metadata,Could not resolve FASTQ metadata for expected file '/data/reddylab/Alex/collab/20220523_Sean/data/sc_rna_seq/fastq/gRNA_CRISPRa_D2_S11_L004_R1_001.fastq.gz'.
IGVFFI6732FIAV,,"Jay Shendure, UW",Beth Martin,functional characterization,IGVFDS0798CIEX,massively parallel reporter assay,MPRA,jay-shendure:seqspec_of_dev_CRE_mEBs_rep2B_part2_bulk_RNA_day8_reads,,,seqspec_version,malformed_seqspec_yaml,Could not read values.
IGVFFI6746NQPO,atac,"Jason Buenrostro, Broad",Siddarth Wekhande,mapping,IGVFDS0580JTOM,single-cell ATAC-seq,SHARE-seq,buenrostro-bernstein:SS-LS_3863_seqspec,0.3.0,0.4.0,enumerate_files,seqspec_file_error,Input source does not exist: https://api.data.igvf.org/configuration-files/IGVFFI6746NQPO/@@download/IGVFFI6746NQPO.yaml.gz
IGVFFI6861LAXN,,"Jason Buenrostro, Broad",Siddarth Wekhande,mapping,IGVFDS1343NAFI,single-cell RNA sequencing assay,SHARE-seq,buenrostro-bernstein:SS-LS_4285_seqspec,0.3.0,0.4.0,enumerate_modalities,seqspec_info_error,curl exited with status exit status: 35 while reading 'https://api.data.igvf.org/configuration-files/IGVFFI6861LAXN/@@download/IGVFFI6861LAXN.yaml.gz': curl: (35) Recv failure: Connection reset by peer
IGVFFI6868ZEED,,"Maya Kasowski, Stanford",Shouvik Mani,mapping,IGVFDS4796OCWZ,single-nucleus ATAC-seq,10x snATAC-seq with Scale pre-indexing,maya-kasowski:Scale_scATAC_laneS706_well3G_seqspec,,,sequence_files,no_fastq_sequence_files,Configuration file has no linked FASTQ sequence files.
IGVFFI6872CBJY,,"Maya Kasowski, Stanford",Shouvik Mani,mapping,IGVFDS4474DSKK,single-nucleus ATAC-seq,10x snATAC-seq with Scale pre-indexing,maya-kasowski:Scale_scATAC_laneS701_well2G_seqspec,,,sequence_files,no_fastq_sequence_files,Configuration file has no linked FASTQ sequence files.
IGVFFI6919XSZE,,"Maya Kasowski, Stanford",Shouvik Mani,mapping,IGVFDS4207NWMB,single-nucleus ATAC-seq,10x snATAC-seq with Scale pre-indexing,maya-kasowski:Scale_scATAC_laneS703_well2F_seqspec,,,sequence_files,no_fastq_sequence_files,Configuration file has no linked FASTQ sequence files.
IGVFFI7074TGSS,,"Jay Shendure, UW",Beth Martin,functional characterization,IGVFDS2982RXPU,massively parallel reporter assay,MPRA,jay-shendure:seqspec_of_dev_CRE_mEBs_repA_bulk_RNA_day10_reads,,,seqspec_version,malformed_seqspec_yaml,Could not read values.
IGVFFI7077PZSC,,"Jimmie Ye, UCSF",Marcus Alvarez,mapping,IGVFDS4585PEVO,single-nucleus ATAC-seq,10x multiome,jimmie-ye:seqspec-XX22-SC3_snATAC_S2,0.3.0,0.4.0,enumerate_modalities,seqspec_info_error,Input source does not exist: https://api.data.igvf.org/configuration-files/IGVFFI7077PZSC/@@download/IGVFFI7077PZSC.yaml.gz
IGVFFI7077SRCV,,"Jason Buenrostro, Broad",Siddarth Wekhande,mapping,IGVFDS5237LXYL,single-cell RNA sequencing assay,SHARE-seq,buenrostro-bernstein:SS-LS_2326_seqspec_fixed,0.3.0,0.4.0,enumerate_modalities,seqspec_info_error,Input source does not exist: https://api.data.igvf.org/configuration-files/IGVFFI7077SRCV/@@download/IGVFFI7077SRCV.yaml.gz
IGVFFI7257YBUF,,,,,,,,,,,worker,unhandled_exception,Expecting value: line 1 column 1 (char 0)
IGVFFI7279OQPS,,"Maya Kasowski, Stanford",Shouvik Mani,mapping,IGVFDS0093GHFX,single-nucleus ATAC-seq,10x snATAC-seq with Scale pre-indexing,maya-kasowski:Scale_scATAC_laneS703_well3F_seqspec,,,sequence_files,no_fastq_sequence_files,Configuration file has no linked FASTQ sequence files.
IGVFFI7378JYZH,,"Maya Kasowski, Stanford",Shouvik Mani,mapping,IGVFDS2613QRQT,single-nucleus ATAC-seq,10x snATAC-seq with Scale pre-indexing,maya-kasowski:Scale_scATAC_laneS705_well1D_seqspec,,,sequence_files,no_fastq_sequence_files,Configuration file has no linked FASTQ sequence files.
IGVFFI7432EBKG,,"Jay Shendure, UW",Beth Martin,functional characterization,IGVFDS8473JDSO,,MPRA,jay-shendure:seqspec_of_dev_CRE_mEBs_repB_bulk_DNA_day4_reads,,,seqspec_version,malformed_seqspec_yaml,Could not read values.
IGVFFI7450ALAX,,,,,,,,,,,worker,unhandled_exception,Expecting value: line 1 column 1 (char 0)
IGVFFI7462ANFM,,"Jay Shendure, UW",Beth Martin,functional characterization,IGVFDS2989BOYC,,MPRA,jay-shendure:seqspec_of_dev_CRE_mEBs_rep2B_part2_bulk_DNA_day6_reads,,,seqspec_version,malformed_seqspec_yaml,Could not read values.
IGVFFI7487VKJS,,"Maya Kasowski, Stanford",Shouvik Mani,mapping,IGVFDS7557OHVJ,single-nucleus ATAC-seq,10x snATAC-seq with Scale pre-indexing,maya-kasowski:Scale_scATAC_laneS706_well3A_seqspec,,,sequence_files,no_fastq_sequence_files,Configuration file has no linked FASTQ sequence files.
IGVFFI7487XEQV,,"Maya Kasowski, Stanford",Shouvik Mani,mapping,IGVFDS1629XGCZ,single-nucleus ATAC-seq,10x snATAC-seq with Scale pre-indexing,maya-kasowski:Scale_scATAC_laneS703_well3B_seqspec,,,sequence_files,no_fastq_sequence_files,Configuration file has no linked FASTQ sequence files.
IGVFFI7509WRYI,,"Maya Kasowski, Stanford",Shouvik Mani,mapping,IGVFDS8434MDFW,single-nucleus ATAC-seq,10x snATAC-seq with Scale pre-indexing,maya-kasowski:Scale_scATAC_laneS705_well1F_seqspec,,,sequence_files,no_fastq_sequence_files,Configuration file has no linked FASTQ sequence files.
IGVFFI7523LBFP,,,,,,,,,,,worker,unhandled_exception,Expecting value: line 1 column 1 (char 0)
IGVFFI7658RGOV,,"Charles Gersbach, Duke",Ruhi Rai,functional characterization,IGVFDS1645YFQD,,Perturb-seq,charles-gersbach:hPA-Seqspec-perturbseq-10xlane2-CRISPR-L2,,,seqspec_version,malformed_seqspec_yaml,Could not read values.
IGVFFI7695WNFW,,"Jay Shendure, UW",Beth Martin,functional characterization,IGVFDS9654ACTQ,massively parallel reporter assay,MPRA,jay-shendure:seqspec_of_dev_CRE_mEBs_repA_bulk_RNA_day16_reads,,,seqspec_version,malformed_seqspec_yaml,Could not read values.
IGVFFI7711EEKL,,"Maya Kasowski, Stanford",Shouvik Mani,mapping,IGVFDS7778KDZS,single-nucleus ATAC-seq,10x snATAC-seq with Scale pre-indexing,maya-kasowski:Scale_scATAC_laneS701_well2D_seqspec,,,sequence_files,no_fastq_sequence_files,Configuration file has no linked FASTQ sequence files.
IGVFFI7855NIIA,,"Maya Kasowski, Stanford",Shouvik Mani,mapping,IGVFDS2526LKJD,single-nucleus ATAC-seq,10x snATAC-seq with Scale pre-indexing,maya-kasowski:Scale_scATAC_laneS702_well3A_seqspec,,,sequence_files,no_fastq_sequence_files,Configuration file has no linked FASTQ sequence files.
IGVFFI7872SZNH,,"Ansuman Satpathy, Stanford",Christopher Mcginnis,mapping,IGVFDS0668NWBP,single-nucleus ATAC-seq,10x multiome with MULTI-seq,ansuman-satpathy:seqspec_igvf_exp11_atac_10x2_NGS4,0.3.0,0.4.0,enumerate_modalities,seqspec_info_error,curl exited with status exit status: 35 while reading 'https://api.data.igvf.org/configuration-files/IGVFFI7872SZNH/@@download/IGVFFI7872SZNH.yaml.gz': curl: (35) Recv failure: Connection reset by peer
IGVFFI7884QMPS,,"Jay Shendure, UW",Beth Martin,functional characterization,IGVFDS1491XCOB,,MPRA,jay-shendure:seqspec_of_dev_CRE_mEBs_repA_bulk_DNA_day0_reads,,,seqspec_version,malformed_seqspec_yaml,Could not read values.
IGVFFI7894CKVE,,,,,,,,,,,worker,unhandled_exception,Expecting value: line 1 column 1 (char 0)
IGVFFI7921ZHWV,,"Maya Kasowski, Stanford",Shouvik Mani,mapping,IGVFDS9142MSMC,single-nucleus ATAC-seq,10x snATAC-seq with Scale pre-indexing,maya-kasowski:Scale_scATAC_laneS706_well2H_seqspec,,,sequence_files,no_fastq_sequence_files,Configuration file has no linked FASTQ sequence files.
IGVFFI7942WNXM,,,,,,,,,,,worker,unhandled_exception,Expecting value: line 1 column 1 (char 0)
IGVFFI7999QOXH,,"Ryan Corces, Gladstone Institute UCSF",Ryan Corces,mapping,IGVFDS4319JYXA,single-nucleus RNA sequencing assay,10x multiome,,0.3.0,0.4.0,enumerate_modalities,seqspec_info_error,curl exited with status exit status: 35 while reading 'https://api.data.igvf.org/configuration-files/IGVFFI7999QOXH/@@download/IGVFFI7999QOXH.yaml.gz': curl: (35) Recv failure: Connection reset by peer
IGVFFI8055SOSN,,"Ryan Corces, Gladstone Institute UCSF",Ryan Corces,mapping,IGVFDS6656GDSH,single-nucleus RNA sequencing assay,10x multiome,,,,seqspec_version,seqspec_version_error,Input source does not exist: https://api.data.igvf.org/configuration-files/IGVFFI8055SOSN/@@download/IGVFFI8055SOSN.yaml.gz
IGVFFI8251EYOO,,"Maya Kasowski, Stanford",Shouvik Mani,mapping,IGVFDS0362VYYC,single-nucleus ATAC-seq,10x snATAC-seq with Scale pre-indexing,maya-kasowski:Scale_scATAC_laneS706_well2G_seqspec,,,sequence_files,no_fastq_sequence_files,Configuration file has no linked FASTQ sequence files.
IGVFFI8277CRZA,,"Maya Kasowski, Stanford",Shouvik Mani,mapping,IGVFDS3519ETRU,single-nucleus ATAC-seq,10x snATAC-seq with Scale pre-indexing,maya-kasowski:Scale_scATAC_laneS705_well3E_seqspec,,,sequence_files,no_fastq_sequence_files,Configuration file has no linked FASTQ sequence files.
IGVFFI8298RQOX,,"Jay Shendure, UW",Beth Martin,functional characterization,IGVFDS3004XBIY,massively parallel reporter assay,MPRA,jay-shendure:seqspec_of_dev_CRE_mEBs_repB_bulk_RNA_day21_reads,,,seqspec_version,malformed_seqspec_yaml,Could not read values.
IGVFFI8330JTIN,crispr,"Charles Gersbach, Duke",Ian Whaling,functional characterization,IGVFDS0993OMZM,,Perturb-seq,charles-gersbach:IGVFFI8004NCEQ_v0.3.0_upgraded,0.3.0,0.4.0,resolve_fastqs,missing_fastq_metadata,Could not resolve FASTQ metadata for expected file '/data/reddylab/Alex/collab/20220523_Sean/data/sc_rna_seq/fastq/gRNA_CRISPRa_D2_S11_L001_R1_001.fastq.gz'.
IGVFFI8330WPAB,atac,"Jason Buenrostro, Broad",Siddarth Wekhande,mapping,IGVFDS8366JHMT,single-cell ATAC-seq,SHARE-seq,buenrostro-bernstein:SS-LS_1447_seqspec_fixed,0.3.0,0.4.0,enumerate_files,seqspec_file_error,curl exited with status exit status: 35 while reading 'https://api.data.igvf.org/configuration-files/IGVFFI8330WPAB/@@download/IGVFFI8330WPAB.yaml.gz': curl: (35) Recv failure: Connection reset by peer
IGVFFI8350BZBW,,"Maya Kasowski, Stanford",Shouvik Mani,mapping,IGVFDS4804LZAS,single-nucleus ATAC-seq,10x snATAC-seq with Scale pre-indexing,maya-kasowski:Scale_scATAC_laneS702_well2A_seqspec,,,sequence_files,no_fastq_sequence_files,Configuration file has no linked FASTQ sequence files.
IGVFFI8353FSZZ,crispr,"Charles Gersbach, Duke",Ian Whaling,functional characterization,IGVFDS8029DSPH,,Perturb-seq,charles-gersbach:IGVFFI0870CDUG_v0.3.0_upgraded,0.3.0,0.4.0,resolve_fastqs,missing_fastq_metadata,Could not resolve FASTQ metadata for expected file '/data/reddylab/Alex/collab/20220523_Sean/data/sc_rna_seq/fastq/gRNA_CRISPRi_D1_S7_L001_R2_001.fastq.gz'.
IGVFFI8362UQMW,,"Maya Kasowski, Stanford",Shouvik Mani,mapping,IGVFDS4560ZDVD,single-nucleus ATAC-seq,10x snATAC-seq with Scale pre-indexing,maya-kasowski:Scale_scATAC_laneS701_well3E_seqspec,,,sequence_files,no_fastq_sequence_files,Configuration file has no linked FASTQ sequence files.
IGVFFI8365YTNW,crispr,"Charles Gersbach, Duke",Ian Whaling,functional characterization,IGVFDS0591VNKJ,,Perturb-seq,charles-gersbach:IGVFFI0728OKBA_v0.3.0_upgraded,0.3.0,0.4.0,resolve_fastqs,missing_fastq_metadata,Could not resolve FASTQ metadata for expected file '/data/reddylab/Alex/collab/20220523_Sean/data/sc_rna_seq/fastq/gRNA_CRISPRi_D3_S9_L004_R2_001.fastq.gz'.
IGVFFI8368KFCH,,"Maya Kasowski, Stanford",Shouvik Mani,mapping,IGVFDS8110EXVN,single-nucleus ATAC-seq,10x snATAC-seq with Scale pre-indexing,maya-kasowski:Scale_scATAC_laneS706_well2A_seqspec,,,sequence_files,no_fastq_sequence_files,Configuration file has no linked FASTQ sequence files.
IGVFFI8378GCTU,,"Jay Shendure, UW",Beth Martin,functional characterization,IGVFDS8306GNFB,massively parallel reporter assay,MPRA,jay-shendure:seqspec_of_dev_CRE_mEBs_rep2B_part2_bulk_RNA_day12_reads,,,seqspec_version,malformed_seqspec_yaml,Could not read values.
IGVFFI8455IQYE,,"Maya Kasowski, Stanford",Shouvik Mani,mapping,IGVFDS4584PQBB,single-nucleus ATAC-seq,10x snATAC-seq with Scale pre-indexing,maya-kasowski:Scale_scATAC_laneS705_well1E_seqspec,,,sequence_files,no_fastq_sequence_files,Configuration file has no linked FASTQ sequence files.
IGVFFI8456GONL,,"Maya Kasowski, Stanford",Shouvik Mani,mapping,IGVFDS8228IORM,single-nucleus ATAC-seq,10x snATAC-seq with Scale pre-indexing,maya-kasowski:Scale_scATAC_laneS701_well3A_seqspec,,,sequence_files,no_fastq_sequence_files,Configuration file has no linked FASTQ sequence files.
IGVFFI8466RVEO,,"Ali Mortazavi, UCI",Diane Trout,mapping,IGVFDS3329WTDB,single-nucleus RNA sequencing assay,Parse SPLiT-seq,,0.3.0,0.4.0,enumerate_modalities,seqspec_info_error,Input source does not exist: https://api.data.igvf.org/configuration-files/IGVFFI8466RVEO/@@download/IGVFFI8466RVEO.yaml.gz
IGVFFI8488CSGC,,"Jay Shendure, UW",Beth Martin,functional characterization,IGVFDS2885IUWV,,MPRA,jay-shendure:seqspec_of_dev_CRE_mEBs_repB_bulk_DNA_day2_reads,,,seqspec_version,malformed_seqspec_yaml,Could not read values.
IGVFFI8566RJAD,crispr,"Charles Gersbach, Duke",Ian Whaling,functional characterization,IGVFDS9108NLTS,,Perturb-seq,charles-gersbach:IGVFFI3262QBRS_v0.3.0_upgraded,0.3.0,0.4.0,resolve_fastqs,missing_fastq_metadata,Could not resolve FASTQ metadata for expected file '/data/reddylab/Alex/collab/20220523_Sean/data/sc_rna_seq/fastq/gRNA_CRISPRa_D1_S10_L004_R1_001.fastq.gz'.
IGVFFI8567FDEH,crispr,"Charles Gersbach, Duke",Ian Whaling,functional characterization,IGVFDS8029DSPH,,Perturb-seq,charles-gersbach:IGVFFI7954UIUN_v0.3.0_upgraded,0.3.0,0.4.0,resolve_fastqs,missing_fastq_metadata,Could not resolve FASTQ metadata for expected file '/data/reddylab/Alex/collab/20220523_Sean/data/sc_rna_seq/fastq/gRNA_CRISPRi_D1_S7_L002_R1_001.fastq.gz'.
IGVFFI8588TBLL,,"Maya Kasowski, Stanford",Shouvik Mani,mapping,IGVFDS1737FCUX,single-nucleus ATAC-seq,10x snATAC-seq with Scale pre-indexing,maya-kasowski:Scale_scATAC_laneS706_well3D_seqspec,,,sequence_files,no_fastq_sequence_files,Configuration file has no linked FASTQ sequence files.
IGVFFI8601LOKI,,"Jay Shendure, UW",Beth Martin,functional characterization,IGVFDS9488YMYJ,,MPRA,jay-shendure:seqspec_of_dev_CRE_mEBs_repB_bulk_DNA_day8_reads,,,seqspec_version,malformed_seqspec_yaml,Could not read values.
IGVFFI8621VAUJ,,"Maya Kasowski, Stanford",Shouvik Mani,mapping,IGVFDS3856WXQG,single-nucleus ATAC-seq,10x snATAC-seq with Scale pre-indexing,maya-kasowski:Scale_scATAC_laneS703_well2C_seqspec,,,sequence_files,no_fastq_sequence_files,Configuration file has no linked FASTQ sequence files.
IGVFFI8631TETX,,"Maya Kasowski, Stanford",Shouvik Mani,mapping,IGVFDS5387AGUS,single-nucleus ATAC-seq,10x snATAC-seq with Scale pre-indexing,maya-kasowski:Scale_scATAC_laneS702_well1E_seqspec,,,sequence_files,no_fastq_sequence_files,Configuration file has no linked FASTQ sequence files.
IGVFFI8677JJGW,,"Jay Shendure, UW",Beth Martin,functional characterization,IGVFDS4218HPCH,,MPRA,jay-shendure:seqspec_of_dev_CRE_mEBs_rep2B_part2_bulk_DNA_day0_reads,,,seqspec_version,malformed_seqspec_yaml,Could not read values.
IGVFFI8695LGIU,atac,"Jason Buenrostro, Broad",Siddarth Wekhande,mapping,IGVFDS9711DZFS,single-cell ATAC-seq,SHARE-seq,buenrostro-bernstein:IGVFFI1118JKQS_seqspec,0.3.0,0.4.0,enumerate_files,seqspec_file_error,Input source does not exist: https://api.data.igvf.org/configuration-files/IGVFFI8695LGIU/@@download/IGVFFI8695LGIU.yaml.gz
IGVFFI8706AAXI,,,,,,,,,,,worker,unhandled_exception,Expecting value: line 1 column 1 (char 0)
IGVFFI8802ZPCR,,"Maya Kasowski, Stanford",Shouvik Mani,mapping,IGVFDS1592LZMI,single-nucleus ATAC-seq,10x snATAC-seq with Scale pre-indexing,maya-kasowski:Scale_scATAC_laneS702_well2E_seqspec,,,sequence_files,no_fastq_sequence_files,Configuration file has no linked FASTQ sequence files.
IGVFFI8812PVSA,,"Maya Kasowski, Stanford",Shouvik Mani,mapping,IGVFDS4065WPJF,single-nucleus ATAC-seq,10x snATAC-seq with Scale pre-indexing,maya-kasowski:Scale_scATAC_laneS705_well1B_seqspec,,,sequence_files,no_fastq_sequence_files,Configuration file has no linked FASTQ sequence files.
IGVFFI8836GAZR,,"Jay Shendure, UW",Beth Martin,functional characterization,IGVFDS2370ZRIR,,MPRA,jay-shendure:seqspec_of_dev_CRE_mEBs_rep2B_part1_bulk_DNA_day12_reads,,,seqspec_version,malformed_seqspec_yaml,Could not read values.
IGVFFI8897WKJE,,"Jay Shendure, UW",Beth Martin,functional characterization,IGVFDS2106RDJT,massively parallel reporter assay,MPRA,jay-shendure:seqspec_of_dev_CRE_mEBs_rep2B_part2_bulk_RNA_day16_reads,,,seqspec_version,malformed_seqspec_yaml,Could not read values.
IGVFFI8927TQAO,,"Maya Kasowski, Stanford",Shouvik Mani,mapping,IGVFDS1780GOYH,single-nucleus ATAC-seq,10x snATAC-seq with Scale pre-indexing,maya-kasowski:Scale_scATAC_laneS705_well3C_seqspec,,,sequence_files,no_fastq_sequence_files,Configuration file has no linked FASTQ sequence files.
IGVFFI8965JCYY,,"Jay Shendure, UW",Beth Martin,functional characterization,IGVFDS3935KLZM,,MPRA,jay-shendure:seqspec_of_dev_CRE_mEBs_rep2B_part1_bulk_DNA_day8_reads,,,seqspec_version,malformed_seqspec_yaml,Could not read values.
IGVFFI8969HFVH,,"Maya Kasowski, Stanford",Shouvik Mani,mapping,IGVFDS9742GLOF,single-nucleus ATAC-seq,10x snATAC-seq with Scale pre-indexing,maya-kasowski:Scale_scATAC_laneS706_well1D_seqspec,,,sequence_files,no_fastq_sequence_files,Configuration file has no linked FASTQ sequence files.
IGVFFI9055UIQS,,"Maya Kasowski, Stanford",Shouvik Mani,mapping,IGVFDS1309MSRX,single-nucleus ATAC-seq,10x snATAC-seq with Scale pre-indexing,maya-kasowski:Scale_scATAC_laneS703_well3E_seqspec,,,sequence_files,no_fastq_sequence_files,Configuration file has no linked FASTQ sequence files.
IGVFFI9055WIPG,,"Maya Kasowski, Stanford",Shouvik Mani,mapping,IGVFDS9475ITTY,single-nucleus ATAC-seq,10x snATAC-seq with Scale pre-indexing,maya-kasowski:Scale_scATAC_laneS704_well2D_seqspec,,,sequence_files,no_fastq_sequence_files,Configuration file has no linked FASTQ sequence files.
IGVFFI9149ODGV,,"Maya Kasowski, Stanford",Shouvik Mani,mapping,IGVFDS1941VFMK,single-nucleus ATAC-seq,10x snATAC-seq with Scale pre-indexing,maya-kasowski:Scale_scATAC_laneS704_well3D_seqspec,,,sequence_files,no_fastq_sequence_files,Configuration file has no linked FASTQ sequence files.
IGVFFI9152XKDF,,"Maya Kasowski, Stanford",Shouvik Mani,mapping,IGVFDS3316TUAW,single-nucleus ATAC-seq,10x snATAC-seq with Scale pre-indexing,maya-kasowski:Scale_scATAC_laneS702_well3C_seqspec,,,sequence_files,no_fastq_sequence_files,Configuration file has no linked FASTQ sequence files.
IGVFFI9156ICRR,,"Maya Kasowski, Stanford",Shouvik Mani,mapping,IGVFDS9557VYYM,single-nucleus ATAC-seq,10x snATAC-seq with Scale pre-indexing,maya-kasowski:Scale_scATAC_laneS702_well2H_seqspec,,,sequence_files,no_fastq_sequence_files,Configuration file has no linked FASTQ sequence files.
IGVFFI9196QXOM,,,,,,,,,,,worker,unhandled_exception,Expecting value: line 1 column 1 (char 0)
IGVFFI9214EKMS,,,,,,,,,,,worker,unhandled_exception,Expecting value: line 1 column 1 (char 0)
IGVFFI9219IRFM,,"Maya Kasowski, Stanford",Shouvik Mani,mapping,IGVFDS7332AEJZ,single-nucleus ATAC-seq,10x snATAC-seq with Scale pre-indexing,maya-kasowski:Scale_scATAC_laneS705_well1C_seqspec,,,sequence_files,no_fastq_sequence_files,Configuration file has no linked FASTQ sequence files.
IGVFFI9269AABB,crispr,"Charles Gersbach, Duke",Ian Whaling,functional characterization,IGVFDS8029DSPH,,Perturb-seq,charles-gersbach:IGVFFI1298SMWW_v0.3.0_upgraded,0.3.0,0.4.0,resolve_fastqs,missing_fastq_metadata,Could not resolve FASTQ metadata for expected file '/data/reddylab/Alex/collab/20220523_Sean/data/sc_rna_seq/fastq/gRNA_CRISPRi_D1_S7_L004_R2_001.fastq.gz'.
IGVFFI9325MMQB,,"Maya Kasowski, Stanford",Shouvik Mani,mapping,IGVFDS8988QSGI,single-nucleus ATAC-seq,10x snATAC-seq with Scale pre-indexing,maya-kasowski:Scale_scATAC_laneS706_well1B_seqspec,,,sequence_files,no_fastq_sequence_files,Configuration file has no linked FASTQ sequence files.
IGVFFI9339NAJF,crispr,"Charles Gersbach, Duke",Ian Whaling,functional characterization,IGVFDS0591VNKJ,,Perturb-seq,charles-gersbach:IGVFFI6340QFOL_v0.3.0_upgraded,0.3.0,0.4.0,resolve_fastqs,missing_fastq_metadata,Could not resolve FASTQ metadata for expected file '/data/reddylab/Alex/collab/20220523_Sean/data/sc_rna_seq/fastq/gRNA_CRISPRi_D3_S9_L003_R2_001.fastq.gz'.
IGVFFI9340KNCN,,"Jay Shendure, UW",Beth Martin,functional characterization,IGVFDS8920YVYN,massively parallel reporter assay,MPRA,jay-shendure:seqspec_of_dev_CRE_mEBs_repB_bulk_RNA_day12_reads,,,seqspec_version,malformed_seqspec_yaml,Could not read values.
IGVFFI9372NPWD,,"Jay Shendure, UW",Beth Martin,functional characterization,IGVFDS1567LQJL,massively parallel reporter assay,MPRA,jay-shendure:seqspec_of_dev_CRE_mEBs_repA_bulk_RNA_day2_reads,,,seqspec_version,malformed_seqspec_yaml,Could not read values.
IGVFFI9381VSVK,,"Maya Kasowski, Stanford",Shouvik Mani,mapping,IGVFDS6438UZTU,single-nucleus ATAC-seq,10x snATAC-seq with Scale pre-indexing,maya-kasowski:Scale_scATAC_laneS703_well3C_seqspec,,,sequence_files,no_fastq_sequence_files,Configuration file has no linked FASTQ sequence files.
IGVFFI9399XUUR,,"Maya Kasowski, Stanford",Shouvik Mani,mapping,IGVFDS1011VFXM,single-nucleus ATAC-seq,10x snATAC-seq with Scale pre-indexing,maya-kasowski:Scale_scATAC_laneS706_well2C_seqspec,,,sequence_files,no_fastq_sequence_files,Configuration file has no linked FASTQ sequence files.
IGVFFI9419DCNN,,"Maya Kasowski, Stanford",Shouvik Mani,mapping,IGVFDS1059AWKS,single-nucleus ATAC-seq,10x snATAC-seq with Scale pre-indexing,maya-kasowski:Scale_scATAC_laneS702_well3B_seqspec,,,sequence_files,no_fastq_sequence_files,Configuration file has no linked FASTQ sequence files.
IGVFFI9452DUED,,"Maya Kasowski, Stanford",Shouvik Mani,mapping,IGVFDS3935ANJP,single-nucleus ATAC-seq,10x snATAC-seq with Scale pre-indexing,maya-kasowski:Scale_scATAC_laneS706_well2B_seqspec,,,sequence_files,no_fastq_sequence_files,Configuration file has no linked FASTQ sequence files.
IGVFFI9468AKBH,,"Maya Kasowski, Stanford",Shouvik Mani,mapping,IGVFDS3796FETP,single-nucleus ATAC-seq,10x snATAC-seq with Scale pre-indexing,maya-kasowski:Scale_scATAC_laneS703_well1B_seqspec,,,sequence_files,no_fastq_sequence_files,Configuration file has no linked FASTQ sequence files.
IGVFFI9493JZKS,,"Maya Kasowski, Stanford",Shouvik Mani,mapping,IGVFDS8235SWFE,single-nucleus ATAC-seq,10x snATAC-seq with Scale pre-indexing,maya-kasowski:Scale_scATAC_laneS703_well2G_seqspec,,,sequence_files,no_fastq_sequence_files,Configuration file has no linked FASTQ sequence files.
IGVFFI9524GGME,,"Maya Kasowski, Stanford",Shouvik Mani,mapping,IGVFDS7139KSWF,single-nucleus ATAC-seq,10x snATAC-seq with Scale pre-indexing,maya-kasowski:Scale_scATAC_laneS702_well3G_seqspec,,,sequence_files,no_fastq_sequence_files,Configuration file has no linked FASTQ sequence files.
IGVFFI9551IXSQ,,"Maya Kasowski, Stanford",Shouvik Mani,mapping,IGVFDS1113UIBN,single-nucleus ATAC-seq,10x snATAC-seq with Scale pre-indexing,maya-kasowski:Scale_scATAC_laneS706_well1A_seqspec,,,sequence_files,no_fastq_sequence_files,Configuration file has no linked FASTQ sequence files.
IGVFFI9579BIBF,,"Maya Kasowski, Stanford",Shouvik Mani,mapping,IGVFDS7236VTMA,single-nucleus ATAC-seq,10x snATAC-seq with Scale pre-indexing,maya-kasowski:Scale_scATAC_laneS704_well3A_seqspec,,,sequence_files,no_fastq_sequence_files,Configuration file has no linked FASTQ sequence files.
IGVFFI9582AJZK,,"Harinder Singh, University of Pittsburgh",Nicholas Pease,networks,IGVFDS7859EYQR,single-nucleus RNA sequencing assay,10x multiome,harinder-singh:donor1_Bcell_multiome_GEX_NGS_Day0_2_L001_rna_seqspec,,,seqspec_version,seqspec_version_error,curl exited with status exit status: 35 while reading 'https://api.data.igvf.org/configuration-files/IGVFFI9582AJZK/@@download/IGVFFI9582AJZK.yaml.gz': curl: (35) Recv failure: Connection reset by peer
IGVFFI9584HBMC,,"Jay Shendure, UW",Beth Martin,functional characterization,IGVFDS3325YLRC,,MPRA,jay-shendure:seqspec_of_dev_CRE_mEBs_rep2B_part1_bulk_DNA_day16_reads,,,seqspec_version,malformed_seqspec_yaml,Could not read values.
IGVFFI9618AABQ,,"Jay Shendure, UW",Beth Martin,functional characterization,IGVFDS0085UXQX,,MPRA,jay-shendure:seqspec_of_dev_CRE_mEBs_repA_bulk_DNA_day21_reads,,,seqspec_version,malformed_seqspec_yaml,Could not read values.
IGVFFI9623WLBB,,"Maya Kasowski, Stanford",Shouvik Mani,mapping,IGVFDS4056KXSG,single-nucleus ATAC-seq,10x snATAC-seq with Scale pre-indexing,maya-kasowski:Scale_scATAC_laneS704_well2E_seqspec,,,sequence_files,no_fastq_sequence_files,Configuration file has no linked FASTQ sequence files.
IGVFFI9659WDVQ,,"Maya Kasowski, Stanford",Shouvik Mani,mapping,IGVFDS2507HPVV,single-nucleus ATAC-seq,10x snATAC-seq with Scale pre-indexing,maya-kasowski:Scale_scATAC_laneS702_well2C_seqspec,,,sequence_files,no_fastq_sequence_files,Configuration file has no linked FASTQ sequence files.
IGVFFI9662WYOI,,,,,,,,,,,worker,unhandled_exception,Expecting value: line 1 column 1 (char 0)
IGVFFI9725VWVJ,rna,"Ali Mortazavi, UCI",Diane Trout,mapping,IGVFDS8821WGCN,single-nucleus RNA sequencing assay,Parse SPLiT-seq,,0.3.0,0.4.0,enumerate_files,seqspec_file_error,Input source does not exist: https://api.data.igvf.org/configuration-files/IGVFFI9725VWVJ/@@download/IGVFFI9725VWVJ.yaml.gz
IGVFFI9768HNZB,,"Maya Kasowski, Stanford",Shouvik Mani,mapping,IGVFDS2903TIJL,single-nucleus ATAC-seq,10x snATAC-seq with Scale pre-indexing,maya-kasowski:Scale_scATAC_laneS704_well3F_seqspec,,,sequence_files,no_fastq_sequence_files,Configuration file has no linked FASTQ sequence files.
IGVFFI9773KYEG,,"Jay Shendure, UW",Beth Martin,functional characterization,IGVFDS1266BCGD,,MPRA,jay-shendure:seqspec_of_dev_CRE_mEBs_repB_bulk_DNA_day0_reads,,,seqspec_version,malformed_seqspec_yaml,Could not read values.
IGVFFI9774AGJO,,"Jay Shendure, UW",Beth Martin,functional characterization,IGVFDS2809UYNF,,MPRA,jay-shendure:seqspec_of_dev_CRE_mEBs_repB_bulk_DNA_day18_reads,,,seqspec_version,malformed_seqspec_yaml,Could not read values.
IGVFFI9795MHIX,,"Leif Ludwig, MDC",Ludwig Lab,mapping,IGVFDS4197YTJE,single-cell RNA sequencing assay,mtscMultiome,leif-ludwig:measurement2307513008_scRNA_L001_seqspec,0.3.0,0.4.0,enumerate_modalities,seqspec_info_error,curl exited with status exit status: 56 while reading 'https://api.data.igvf.org/configuration-files/IGVFFI9795MHIX/@@download/IGVFFI9795MHIX.yaml.gz': curl: (56) Recv failure: Connection reset by peer
IGVFFI9817PLEM,,"Hao Wu, UPenn",Hongjie Zhang,networks,IGVFDS9590NKHY,single cell new transcription sequencing,scNT-seq2,hao-wu:scNTseq_donor_312_day1.yaml,0.3.0,0.4.0,enumerate_modalities,seqspec_info_error,Input source does not exist: https://api.data.igvf.org/configuration-files/IGVFFI9817PLEM/@@download/IGVFFI9817PLEM.yaml.gz
IGVFFI9847FYKT,,"Maya Kasowski, Stanford",Shouvik Mani,mapping,IGVFDS7135YSKN,single-nucleus ATAC-seq,10x snATAC-seq with Scale pre-indexing,maya-kasowski:Scale_scATAC_laneS706_well1F_seqspec,,,sequence_files,no_fastq_sequence_files,Configuration file has no linked FASTQ sequence files.
IGVFFI9858QPXR,,"Jay Shendure, UW",Beth Martin,functional characterization,IGVFDS5752IJZA,,MPRA,jay-shendure:seqspec_of_dev_CRE_mEBs_rep2B_part2_bulk_DNA_day20_reads,,,seqspec_version,malformed_seqspec_yaml,Could not read values.
IGVFFI9901ADFX,,"Jay Shendure, UW",Beth Martin,functional characterization,IGVFDS3396QFZY,,MPRA,jay-shendure:seqspec_of_dev_CRE_mEBs_rep2B_part1_bulk_DNA_day18_reads,,,seqspec_version,malformed_seqspec_yaml,Could not read values.
IGVFFI9917DYFI,,"Maya Kasowski, Stanford",Shouvik Mani,mapping,IGVFDS0703ITVF,single-nucleus ATAC-seq,10x snATAC-seq with Scale pre-indexing,maya-kasowski:Scale_scATAC_laneS705_well2F_seqspec,,,sequence_files,no_fastq_sequence_files,Configuration file has no linked FASTQ sequence files.
IGVFFI9919HDFH,crispr,"Charles Gersbach, Duke",Ian Whaling,functional characterization,IGVFDS3945FAEL,,Perturb-seq,charles-gersbach:IGVFFI2907BHMS_v0.3.0_upgraded,0.3.0,0.4.0,resolve_fastqs,missing_fastq_metadata,Could not resolve FASTQ metadata for expected file '/data/reddylab/Alex/collab/20220523_Sean/data/sc_rna_seq/fastq/gRNA_CRISPRa_D3_S12_L004_R1_001.fastq.gz'.
IGVFFI9966EECV,,"Maya Kasowski, Stanford",Shouvik Mani,mapping,IGVFDS9420THEP,single-nucleus ATAC-seq,10x snATAC-seq with Scale pre-indexing,maya-kasowski:Scale_scATAC_laneS705_well2D_seqspec,,,sequence_files,no_fastq_sequence_files,Configuration file has no linked FASTQ sequence files.
IGVFFI9974DQHX,crispr,"Charles Gersbach, Duke",Ian Whaling,functional characterization,IGVFDS9108NLTS,,Perturb-seq,charles-gersbach:IGVFFI2236HTDI_v0.3.0_upgraded,0.3.0,0.4.0,resolve_fastqs,missing_fastq_metadata,Could not resolve FASTQ metadata for expected file '/data/reddylab/Alex/collab/20220523_Sean/data/sc_rna_seq/fastq/gRNA_CRISPRa_D1_S10_L003_R2_001.fastq.gz'.
IGVFFI9979YZUN,,"Jay Shendure, UW",Beth Martin,functional characterization,IGVFDS4928ZASL,,MPRA,jay-shendure:seqspec_of_dev_CRE_mEBs_repA_bulk_DNA_day18_reads,,,seqspec_version,malformed_seqspec_yaml,Could not read values.
